timestamp,open,high,low,close,volume
2025-01-01T00:00:00+00:00,100000,100003,99996.00,99999.00,2
2025-01-01T00:01:00+00:00,99999.00,100002.00,99995.00,99998.00,2
2025-01-01T00:02:00+00:00,99998.00,100001.00,99994.00,99997.00,2
2025-01-01T00:03:00+00:00,99997.00,100000.00,99993.00,99996.00,2
2025-01-01T00:04:00+00:00,99996.00,99999.00,99992.00,99995.00,2
2025-01-01T00:05:00+00:00,99995.00,99998.00,99991.00,99994.00,2
2025-01-01T00:06:00+00:00,99994.00,99997.00,99990.00,99993.00,2
2025-01-01T00:07:00+00:00,99993.00,99996.00,99989.00,99992.00,2
2025-01-01T00:08:00+00:00,99992.00,99995.00,99988.00,99991.00,2
2025-01-01T00:09:00+00:00,99991.00,99994.00,99987.00,99990.00,2
2025-01-01T00:10:00+00:00,99990.00,99993.00,99986.00,99989.00,2
2025-01-01T00:11:00+00:00,99989.00,99992.00,99985.00,99988.00,2
2025-01-01T00:12:00+00:00,99988.00,99991.00,99984.00,99987.00,2
2025-01-01T00:13:00+00:00,99987.00,99990.00,99983.00,99986.00,2
2025-01-01T00:14:00+00:00,99986.00,99989.00,99982.00,99985.00,2
2025-01-01T00:15:00+00:00,99985.00,99989.00,99982.00,99986.00,2
2025-01-01T00:16:00+00:00,99986.00,99990.00,99983.00,99987.00,2
2025-01-01T00:17:00+00:00,99987.00,99991.00,99984.00,99988.00,2
2025-01-01T00:18:00+00:00,99988.00,99992.00,99985.00,99989.00,2
2025-01-01T00:19:00+00:00,99989.00,99993.00,99986.00,99990.00,2
2025-01-01T00:20:00+00:00,99990.00,99994.00,99987.00,99991.00,2
2025-01-01T00:21:00+00:00,99991.00,99995.00,99988.00,99992.00,2
2025-01-01T00:22:00+00:00,99992.00,99996.00,99989.00,99993.00,2
2025-01-01T00:23:00+00:00,99993.00,99997.00,99990.00,99994.00,2
2025-01-01T00:24:00+00:00,99994.00,99998.00,99991.00,99995.00,2
2025-01-01T00:25:00+00:00,99995.00,99999.00,99992.00,99996.00,2
2025-01-01T00:26:00+00:00,99996.00,100000.00,99993.00,99997.00,2
2025-01-01T00:27:00+00:00,99997.00,100001.00,99994.00,99998.00,2
2025-01-01T00:28:00+00:00,99998.00,100002.00,99995.00,99999.00,2
2025-01-01T00:29:00+00:00,99999.00,100003.00,99996.00,100000.00,2
2025-01-01T00:30:00+00:00,100000.00,100003.00,99996.00,99999.00,2
2025-01-01T00:31:00+00:00,99999.00,100002.00,99995.00,99998.00,2
2025-01-01T00:32:00+00:00,99998.00,100001.00,99994.00,99997.00,2
2025-01-01T00:33:00+00:00,99997.00,100000.00,99993.00,99996.00,2
2025-01-01T00:34:00+00:00,99996.00,99999.00,99992.00,99995.00,2
2025-01-01T00:35:00+00:00,99995.00,99998.00,99991.00,99994.00,2
2025-01-01T00:36:00+00:00,99994.00,99997.00,99990.00,99993.00,2
2025-01-01T00:37:00+00:00,99993.00,99996.00,99989.00,99992.00,2
2025-01-01T00:38:00+00:00,99992.00,99995.00,99988.00,99991.00,2
2025-01-01T00:39:00+00:00,99991.00,99994.00,99987.00,99990.00,2
2025-01-01T00:40:00+00:00,99990.00,99993.00,99986.00,99989.00,2
2025-01-01T00:41:00+00:00,99989.00,99992.00,99985.00,99988.00,2
2025-01-01T00:42:00+00:00,99988.00,99991.00,99984.00,99987.00,2
2025-01-01T00:43:00+00:00,99987.00,99990.00,99983.00,99986.00,2
2025-01-01T00:44:00+00:00,99986.00,99989.00,99982.00,99985.00,2
2025-01-01T00:45:00+00:00,99985.00,99989.00,99982.00,99986.00,2
2025-01-01T00:46:00+00:00,99986.00,99990.00,99983.00,99987.00,2
2025-01-01T00:47:00+00:00,99987.00,99991.00,99984.00,99988.00,2
2025-01-01T00:48:00+00:00,99988.00,99992.00,99985.00,99989.00,2
2025-01-01T00:49:00+00:00,99989.00,99993.00,99986.00,99990.00,2
2025-01-01T00:50:00+00:00,99990.00,99994.00,99987.00,99991.00,2
2025-01-01T00:51:00+00:00,99991.00,99995.00,99988.00,99992.00,2
2025-01-01T00:52:00+00:00,99992.00,99996.00,99989.00,99993.00,2
2025-01-01T00:53:00+00:00,99993.00,99997.00,99990.00,99994.00,2
2025-01-01T00:54:00+00:00,99994.00,99998.00,99991.00,99995.00,2
2025-01-01T00:55:00+00:00,99995.00,99999.00,99992.00,99996.00,2
2025-01-01T00:56:00+00:00,99996.00,100000.00,99993.00,99997.00,2
2025-01-01T00:57:00+00:00,99997.00,100001.00,99994.00,99998.00,2
2025-01-01T00:58:00+00:00,99998.00,100002.00,99995.00,99999.00,2
2025-01-01T00:59:00+00:00,99999.00,100003.00,99996.00,100000.00,2
2025-01-01T01:00:00+00:00,100000.00,100003.00,99996.00,99999.00,2
2025-01-01T01:01:00+00:00,99999.00,100002.00,99995.00,99998.00,2
2025-01-01T01:02:00+00:00,99998.00,100001.00,99994.00,99997.00,2
2025-01-01T01:03:00+00:00,99997.00,100000.00,99993.00,99996.00,2
2025-01-01T01:04:00+00:00,99996.00,99999.00,99992.00,99995.00,2
2025-01-01T01:05:00+00:00,99995.00,99998.00,99991.00,99994.00,2
2025-01-01T01:06:00+00:00,99994.00,99997.00,99990.00,99993.00,2
2025-01-01T01:07:00+00:00,99993.00,99996.00,99989.00,99992.00,2
2025-01-01T01:08:00+00:00,99992.00,99995.00,99988.00,99991.00,2
2025-01-01T01:09:00+00:00,99991.00,99994.00,99987.00,99990.00,2
2025-01-01T01:10:00+00:00,99990.00,99993.00,99986.00,99989.00,2
2025-01-01T01:11:00+00:00,99989.00,99992.00,99985.00,99988.00,2
2025-01-01T01:12:00+00:00,99988.00,99991.00,99984.00,99987.00,2
2025-01-01T01:13:00+00:00,99987.00,99990.00,99983.00,99986.00,2
2025-01-01T01:14:00+00:00,99986.00,99989.00,99982.00,99985.00,2
2025-01-01T01:15:00+00:00,99985.00,99989.00,99982.00,99986.00,2
2025-01-01T01:16:00+00:00,99986.00,99990.00,99983.00,99987.00,2
2025-01-01T01:17:00+00:00,99987.00,99991.00,99984.00,99988.00,2
2025-01-01T01:18:00+00:00,99988.00,99992.00,99985.00,99989.00,2
2025-01-01T01:19:00+00:00,99989.00,99993.00,99986.00,99990.00,2
2025-01-01T01:20:00+00:00,99990.00,99994.00,99987.00,99991.00,2
2025-01-01T01:21:00+00:00,99991.00,99995.00,99988.00,99992.00,2
2025-01-01T01:22:00+00:00,99992.00,99996.00,99989.00,99993.00,2
2025-01-01T01:23:00+00:00,99993.00,99997.00,99990.00,99994.00,2
2025-01-01T01:24:00+00:00,99994.00,99998.00,99991.00,99995.00,2
2025-01-01T01:25:00+00:00,99995.00,99999.00,99992.00,99996.00,2
2025-01-01T01:26:00+00:00,99996.00,100000.00,99993.00,99997.00,2
2025-01-01T01:27:00+00:00,99997.00,100001.00,99994.00,99998.00,2
2025-01-01T01:28:00+00:00,99998.00,100002.00,99995.00,99999.00,2
2025-01-01T01:29:00+00:00,99999.00,100003.00,99996.00,100000.00,2
2025-01-01T01:30:00+00:00,100000.00,100003.00,99996.00,99999.00,2
2025-01-01T01:31:00+00:00,99999.00,100002.00,99995.00,99998.00,2
2025-01-01T01:32:00+00:00,99998.00,100001.00,99994.00,99997.00,2
2025-01-01T01:33:00+00:00,99997.00,100000.00,99993.00,99996.00,2
2025-01-01T01:34:00+00:00,99996.00,99999.00,99992.00,99995.00,2
2025-01-01T01:35:00+00:00,99995.00,99998.00,99991.00,99994.00,2
2025-01-01T01:36:00+00:00,99994.00,99997.00,99990.00,99993.00,2
2025-01-01T01:37:00+00:00,99993.00,99996.00,99989.00,99992.00,2
2025-01-01T01:38:00+00:00,99992.00,99995.00,99988.00,99991.00,2
2025-01-01T01:39:00+00:00,99991.00,99994.00,99987.00,99990.00,2
2025-01-01T01:40:00+00:00,99990.00,99993.00,99986.00,99989.00,2
2025-01-01T01:41:00+00:00,99989.00,99992.00,99985.00,99988.00,2
2025-01-01T01:42:00+00:00,99988.00,99991.00,99984.00,99987.00,2
2025-01-01T01:43:00+00:00,99987.00,99990.00,99983.00,99986.00,2
2025-01-01T01:44:00+00:00,99986.00,99989.00,99982.00,99985.00,2
2025-01-01T01:45:00+00:00,99985.00,99989.00,99982.00,99986.00,2
2025-01-01T01:46:00+00:00,99986.00,99990.00,99983.00,99987.00,2
2025-01-01T01:47:00+00:00,99987.00,99991.00,99984.00,99988.00,2
2025-01-01T01:48:00+00:00,99988.00,99992.00,99985.00,99989.00,2
2025-01-01T01:49:00+00:00,99989.00,99993.00,99986.00,99990.00,2
2025-01-01T01:50:00+00:00,99990.00,99994.00,99987.00,99991.00,2
2025-01-01T01:51:00+00:00,99991.00,99995.00,99988.00,99992.00,2
2025-01-01T01:52:00+00:00,99992.00,99996.00,99989.00,99993.00,2
2025-01-01T01:53:00+00:00,99993.00,99997.00,99990.00,99994.00,2
2025-01-01T01:54:00+00:00,99994.00,99998.00,99991.00,99995.00,2
2025-01-01T01:55:00+00:00,99995.00,99999.00,99992.00,99996.00,2
2025-01-01T01:56:00+00:00,99996.00,100000.00,99993.00,99997.00,2
2025-01-01T01:57:00+00:00,99997.00,100001.00,99994.00,99998.00,2
2025-01-01T01:58:00+00:00,99998.00,100002.00,99995.00,99999.00,2
2025-01-01T01:59:00+00:00,99999.00,100003.00,99996.00,100000.00,2
2025-01-01T02:00:00+00:00,100000.00,100003.00,99996.00,99999.00,2
2025-01-01T02:01:00+00:00,99999.00,100002.00,99995.00,99998.00,2
2025-01-01T02:02:00+00:00,99998.00,100001.00,99994.00,99997.00,2
2025-01-01T02:03:00+00:00,99997.00,100000.00,99993.00,99996.00,2
2025-01-01T02:04:00+00:00,99996.00,99999.00,99992.00,99995.00,2
2025-01-01T02:05:00+00:00,99995.00,99998.00,99991.00,99994.00,2
2025-01-01T02:06:00+00:00,99994.00,99997.00,99990.00,99993.00,2
2025-01-01T02:07:00+00:00,99993.00,99996.00,99989.00,99992.00,2
2025-01-01T02:08:00+00:00,99992.00,99995.00,99988.00,99991.00,2
2025-01-01T02:09:00+00:00,99991.00,99994.00,99987.00,99990.00,2
2025-01-01T02:10:00+00:00,99990.00,99993.00,99986.00,99989.00,2
2025-01-01T02:11:00+00:00,99989.00,99992.00,99985.00,99988.00,2
2025-01-01T02:12:00+00:00,99988.00,99991.00,99984.00,99987.00,2
2025-01-01T02:13:00+00:00,99987.00,99990.00,99983.00,99986.00,2
2025-01-01T02:14:00+00:00,99986.00,99989.00,99982.00,99985.00,2
2025-01-01T02:15:00+00:00,99985.00,99989.00,99982.00,99986.00,2
2025-01-01T02:16:00+00:00,99986.00,99990.00,99983.00,99987.00,2
2025-01-01T02:17:00+00:00,99987.00,99991.00,99984.00,99988.00,2
2025-01-01T02:18:00+00:00,99988.00,99992.00,99985.00,99989.00,2
2025-01-01T02:19:00+00:00,99989.00,99993.00,99986.00,99990.00,2
2025-01-01T02:20:00+00:00,99990.00,99994.00,99987.00,99991.00,2
2025-01-01T02:21:00+00:00,99991.00,99995.00,99988.00,99992.00,2
2025-01-01T02:22:00+00:00,99992.00,99996.00,99989.00,99993.00,2
2025-01-01T02:23:00+00:00,99993.00,99997.00,99990.00,99994.00,2
2025-01-01T02:24:00+00:00,99994.00,99998.00,99991.00,99995.00,2
2025-01-01T02:25:00+00:00,99995.00,99999.00,99992.00,99996.00,2
2025-01-01T02:26:00+00:00,99996.00,100000.00,99993.00,99997.00,2
2025-01-01T02:27:00+00:00,99997.00,100001.00,99994.00,99998.00,2
2025-01-01T02:28:00+00:00,99998.00,100002.00,99995.00,99999.00,2
2025-01-01T02:29:00+00:00,99999.00,100003.00,99996.00,100000.00,2
2025-01-01T02:30:00+00:00,100000.00,100003.00,99996.00,99999.00,2
2025-01-01T02:31:00+00:00,99999.00,100002.00,99995.00,99998.00,2
2025-01-01T02:32:00+00:00,99998.00,100001.00,99994.00,99997.00,2
2025-01-01T02:33:00+00:00,99997.00,100000.00,99993.00,99996.00,2
2025-01-01T02:34:00+00:00,99996.00,99999.00,99992.00,99995.00,2
2025-01-01T02:35:00+00:00,99995.00,99998.00,99991.00,99994.00,2
2025-01-01T02:36:00+00:00,99994.00,99997.00,99990.00,99993.00,2
2025-01-01T02:37:00+00:00,99993.00,99996.00,99989.00,99992.00,2
2025-01-01T02:38:00+00:00,99992.00,99995.00,99988.00,99991.00,2
2025-01-01T02:39:00+00:00,99991.00,99994.00,99987.00,99990.00,2
2025-01-01T02:40:00+00:00,99990.00,99993.00,99986.00,99989.00,2
2025-01-01T02:41:00+00:00,99989.00,99992.00,99985.00,99988.00,2
2025-01-01T02:42:00+00:00,99988.00,99991.00,99984.00,99987.00,2
2025-01-01T02:43:00+00:00,99987.00,99990.00,99983.00,99986.00,2
2025-01-01T02:44:00+00:00,99986.00,99989.00,99982.00,99985.00,2
2025-01-01T02:45:00+00:00,99985.00,99989.00,99982.00,99986.00,2
2025-01-01T02:46:00+00:00,99986.00,99990.00,99983.00,99987.00,2
2025-01-01T02:47:00+00:00,99987.00,99991.00,99984.00,99988.00,2
2025-01-01T02:48:00+00:00,99988.00,99992.00,99985.00,99989.00,2
2025-01-01T02:49:00+00:00,99989.00,99993.00,99986.00,99990.00,2
2025-01-01T02:50:00+00:00,99990.00,99994.00,99987.00,99991.00,2
2025-01-01T02:51:00+00:00,99991.00,99995.00,99988.00,99992.00,2
2025-01-01T02:52:00+00:00,99992.00,99996.00,99989.00,99993.00,2
2025-01-01T02:53:00+00:00,99993.00,99997.00,99990.00,99994.00,2
2025-01-01T02:54:00+00:00,99994.00,99998.00,99991.00,99995.00,2
2025-01-01T02:55:00+00:00,99995.00,99999.00,99992.00,99996.00,2
2025-01-01T02:56:00+00:00,99996.00,100000.00,99993.00,99997.00,2
2025-01-01T02:57:00+00:00,99997.00,100001.00,99994.00,99998.00,2
2025-01-01T02:58:00+00:00,99998.00,100002.00,99995.00,99999.00,2
2025-01-01T02:59:00+00:00,99999.00,100003.00,99996.00,100000.00,2
2025-01-01T03:00:00+00:00,100000.00,100003.00,99996.00,99999.00,2
2025-01-01T03:01:00+00:00,99999.00,100002.00,99995.00,99998.00,2
2025-01-01T03:02:00+00:00,99998.00,100001.00,99994.00,99997.00,2
2025-01-01T03:03:00+00:00,99997.00,100000.00,99993.00,99996.00,2
2025-01-01T03:04:00+00:00,99996.00,99999.00,99992.00,99995.00,2
2025-01-01T03:05:00+00:00,99995.00,99998.00,99991.00,99994.00,2
2025-01-01T03:06:00+00:00,99994.00,99997.00,99990.00,99993.00,2
2025-01-01T03:07:00+00:00,99993.00,99996.00,99989.00,99992.00,2
2025-01-01T03:08:00+00:00,99992.00,99995.00,99988.00,99991.00,2
2025-01-01T03:09:00+00:00,99991.00,99994.00,99987.00,99990.00,2
2025-01-01T03:10:00+00:00,99990.00,99993.00,99986.00,99989.00,2
2025-01-01T03:11:00+00:00,99989.00,99992.00,99985.00,99988.00,2
2025-01-01T03:12:00+00:00,99988.00,99991.00,99984.00,99987.00,2
2025-01-01T03:13:00+00:00,99987.00,99990.00,99983.00,99986.00,2
2025-01-01T03:14:00+00:00,99986.00,99989.00,99982.00,99985.00,2
2025-01-01T03:15:00+00:00,99985.00,99989.00,99982.00,99986.00,2
2025-01-01T03:16:00+00:00,99986.00,99990.00,99983.00,99987.00,2
2025-01-01T03:17:00+00:00,99987.00,99991.00,99984.00,99988.00,2
2025-01-01T03:18:00+00:00,99988.00,99992.00,99985.00,99989.00,2
2025-01-01T03:19:00+00:00,99989.00,99993.00,99986.00,99990.00,2
2025-01-01T03:20:00+00:00,99990.00,99994.00,99987.00,99991.00,2
2025-01-01T03:21:00+00:00,99991.00,99995.00,99988.00,99992.00,2
2025-01-01T03:22:00+00:00,99992.00,99996.00,99989.00,99993.00,2
2025-01-01T03:23:00+00:00,99993.00,99997.00,99990.00,99994.00,2
2025-01-01T03:24:00+00:00,99994.00,99998.00,99991.00,99995.00,2
2025-01-01T03:25:00+00:00,99995.00,99999.00,99992.00,99996.00,2
2025-01-01T03:26:00+00:00,99996.00,100000.00,99993.00,99997.00,2
2025-01-01T03:27:00+00:00,99997.00,100001.00,99994.00,99998.00,2
2025-01-01T03:28:00+00:00,99998.00,100002.00,99995.00,99999.00,2
2025-01-01T03:29:00+00:00,99999.00,100003.00,99996.00,100000.00,2
2025-01-01T03:30:00+00:00,100000.00,100003.00,99996.00,99999.00,2
2025-01-01T03:31:00+00:00,99999.00,100002.00,99995.00,99998.00,2
2025-01-01T03:32:00+00:00,99998.00,100001.00,99994.00,99997.00,2
2025-01-01T03:33:00+00:00,99997.00,100000.00,99993.00,99996.00,2
2025-01-01T03:34:00+00:00,99996.00,99999.00,99992.00,99995.00,2
2025-01-01T03:35:00+00:00,99995.00,99998.00,99991.00,99994.00,2
2025-01-01T03:36:00+00:00,99994.00,99997.00,99990.00,99993.00,2
2025-01-01T03:37:00+00:00,99993.00,99996.00,99989.00,99992.00,2
2025-01-01T03:38:00+00:00,99992.00,99995.00,99988.00,99991.00,2
2025-01-01T03:39:00+00:00,99991.00,99994.00,99987.00,99990.00,2
2025-01-01T03:40:00+00:00,99990.00,99993.00,99986.00,99989.00,2
2025-01-01T03:41:00+00:00,99989.00,99992.00,99985.00,99988.00,2
2025-01-01T03:42:00+00:00,99988.00,99991.00,99984.00,99987.00,2
2025-01-01T03:43:00+00:00,99987.00,99990.00,99983.00,99986.00,2
2025-01-01T03:44:00+00:00,99986.00,99989.00,99982.00,99985.00,2
2025-01-01T03:45:00+00:00,99985.00,99989.00,99982.00,99986.00,2
2025-01-01T03:46:00+00:00,99986.00,99990.00,99983.00,99987.00,2
2025-01-01T03:47:00+00:00,99987.00,99991.00,99984.00,99988.00,2
2025-01-01T03:48:00+00:00,99988.00,99992.00,99985.00,99989.00,2
2025-01-01T03:49:00+00:00,99989.00,99993.00,99986.00,99990.00,2
2025-01-01T03:50:00+00:00,99990.00,99994.00,99987.00,99991.00,2
2025-01-01T03:51:00+00:00,99991.00,99995.00,99988.00,99992.00,2
2025-01-01T03:52:00+00:00,99992.00,99996.00,99989.00,99993.00,2
2025-01-01T03:53:00+00:00,99993.00,99997.00,99990.00,99994.00,2
2025-01-01T03:54:00+00:00,99994.00,99998.00,99991.00,99995.00,2
2025-01-01T03:55:00+00:00,99995.00,99999.00,99992.00,99996.00,2
2025-01-01T03:56:00+00:00,99996.00,100000.00,99993.00,99997.00,2
2025-01-01T03:57:00+00:00,99997.00,100001.00,99994.00,99998.00,2
2025-01-01T03:58:00+00:00,99998.00,100002.00,99995.00,99999.00,2
2025-01-01T03:59:00+00:00,99999.00,100003.00,99996.00,100000.00,2
2025-01-01T04:00:00+00:00,100000.00,100003.00,99996.00,99999.00,2
2025-01-01T04:01:00+00:00,99999.00,100002.00,99995.00,99998.00,2
2025-01-01T04:02:00+00:00,99998.00,100001.00,99994.00,99997.00,2
2025-01-01T04:03:00+00:00,99997.00,100000.00,99993.00,99996.00,2
2025-01-01T04:04:00+00:00,99996.00,99999.00,99992.00,99995.00,2
2025-01-01T04:05:00+00:00,99995.00,99998.00,99991.00,99994.00,2
2025-01-01T04:06:00+00:00,99994.00,99997.00,99990.00,99993.00,2
2025-01-01T04:07:00+00:00,99993.00,99996.00,99989.00,99992.00,2
2025-01-01T04:08:00+00:00,99992.00,99995.00,99988.00,99991.00,2
2025-01-01T04:09:00+00:00,99991.00,99994.00,99987.00,99990.00,2
2025-01-01T04:10:00+00:00,99990.00,99993.00,99986.00,99989.00,2
2025-01-01T04:11:00+00:00,99989.00,99992.00,99985.00,99988.00,2
2025-01-01T04:12:00+00:00,99988.00,99991.00,99984.00,99987.00,2
2025-01-01T04:13:00+00:00,99987.00,99990.00,99983.00,99986.00,2
2025-01-01T04:14:00+00:00,99986.00,99989.00,99982.00,99985.00,2
2025-01-01T04:15:00+00:00,99985.00,99989.00,99982.00,99986.00,2
2025-01-01T04:16:00+00:00,99986.00,99990.00,99983.00,99987.00,2
2025-01-01T04:17:00+00:00,99987.00,99991.00,99984.00,99988.00,2
2025-01-01T04:18:00+00:00,99988.00,99992.00,99985.00,99989.00,2
2025-01-01T04:19:00+00:00,99989.00,99993.00,99986.00,99990.00,2
2025-01-01T04:20:00+00:00,99990.00,99994.00,99987.00,99991.00,2
2025-01-01T04:21:00+00:00,99991.00,99995.00,99988.00,99992.00,2
2025-01-01T04:22:00+00:00,99992.00,99996.00,99989.00,99993.00,2
2025-01-01T04:23:00+00:00,99993.00,99997.00,99990.00,99994.00,2
2025-01-01T04:24:00+00:00,99994.00,99998.00,99991.00,99995.00,2
2025-01-01T04:25:00+00:00,99995.00,99999.00,99992.00,99996.00,2
2025-01-01T04:26:00+00:00,99996.00,100000.00,99993.00,99997.00,2
2025-01-01T04:27:00+00:00,99997.00,100001.00,99994.00,99998.00,2
2025-01-01T04:28:00+00:00,99998.00,100002.00,99995.00,99999.00,2
2025-01-01T04:29:00+00:00,99999.00,100003.00,99996.00,100000.00,2
2025-01-01T04:30:00+00:00,100000.00,100003.00,99996.00,99999.00,2
2025-01-01T04:31:00+00:00,99999.00,100002.00,99995.00,99998.00,2
2025-01-01T04:32:00+00:00,99998.00,100001.00,99994.00,99997.00,2
2025-01-01T04:33:00+00:00,99997.00,100000.00,99993.00,99996.00,2
2025-01-01T04:34:00+00:00,99996.00,99999.00,99992.00,99995.00,2
2025-01-01T04:35:00+00:00,99995.00,99998.00,99991.00,99994.00,2
2025-01-01T04:36:00+00:00,99994.00,99997.00,99990.00,99993.00,2
2025-01-01T04:37:00+00:00,99993.00,99996.00,99989.00,99992.00,2
2025-01-01T04:38:00+00:00,99992.00,99995.00,99988.00,99991.00,2
2025-01-01T04:39:00+00:00,99991.00,99994.00,99987.00,99990.00,2
2025-01-01T04:40:00+00:00,99990.00,99993.00,99986.00,99989.00,2
2025-01-01T04:41:00+00:00,99989.00,99992.00,99985.00,99988.00,2
2025-01-01T04:42:00+00:00,99988.00,99991.00,99984.00,99987.00,2
2025-01-01T04:43:00+00:00,99987.00,99990.00,99983.00,99986.00,2
2025-01-01T04:44:00+00:00,99986.00,99989.00,99982.00,99985.00,2
2025-01-01T04:45:00+00:00,99985.00,99989.00,99982.00,99986.00,2
2025-01-01T04:46:00+00:00,99986.00,99990.00,99983.00,99987.00,2
2025-01-01T04:47:00+00:00,99987.00,99991.00,99984.00,99988.00,2
2025-01-01T04:48:00+00:00,99988.00,99992.00,99985.00,99989.00,2
2025-01-01T04:49:00+00:00,99989.00,99993.00,99986.00,99990.00,2
2025-01-01T04:50:00+00:00,99990.00,99994.00,99987.00,99991.00,2
2025-01-01T04:51:00+00:00,99991.00,99995.00,99988.00,99992.00,2
2025-01-01T04:52:00+00:00,99992.00,99996.00,99989.00,99993.00,2
2025-01-01T04:53:00+00:00,99993.00,99997.00,99990.00,99994.00,2
2025-01-01T04:54:00+00:00,99994.00,99998.00,99991.00,99995.00,2
2025-01-01T04:55:00+00:00,99995.00,99999.00,99992.00,99996.00,2
2025-01-01T04:56:00+00:00,99996.00,100000.00,99993.00,99997.00,2
2025-01-01T04:57:00+00:00,99997.00,100001.00,99994.00,99998.00,2
2025-01-01T04:58:00+00:00,99998.00,100002.00,99995.00,99999.00,2
2025-01-01T04:59:00+00:00,99999.00,100003.00,99996.00,100000.00,2
2025-01-01T05:00:00+00:00,100000.00,100003.00,99996.00,99999.00,2
2025-01-01T05:01:00+00:00,99999.00,100002.00,99995.00,99998.00,2
2025-01-01T05:02:00+00:00,99998.00,100001.00,99994.00,99997.00,2
2025-01-01T05:03:00+00:00,99997.00,100000.00,99993.00,99996.00,2
2025-01-01T05:04:00+00:00,99996.00,99999.00,99992.00,99995.00,2
2025-01-01T05:05:00+00:00,99995.00,99998.00,99991.00,99994.00,2
2025-01-01T05:06:00+00:00,99994.00,99997.00,99990.00,99993.00,2
2025-01-01T05:07:00+00:00,99993.00,99996.00,99989.00,99992.00,2
2025-01-01T05:08:00+00:00,99992.00,99995.00,99988.00,99991.00,2
2025-01-01T05:09:00+00:00,99991.00,99994.00,99987.00,99990.00,2
2025-01-01T05:10:00+00:00,99990.00,99993.00,99986.00,99989.00,2
2025-01-01T05:11:00+00:00,99989.00,99992.00,99985.00,99988.00,2
2025-01-01T05:12:00+00:00,99988.00,99991.00,99984.00,99987.00,2
2025-01-01T05:13:00+00:00,99987.00,99990.00,99983.00,99986.00,2
2025-01-01T05:14:00+00:00,99986.00,99989.00,99982.00,99985.00,2
2025-01-01T05:15:00+00:00,99985.00,99989.00,99982.00,99986.00,2
2025-01-01T05:16:00+00:00,99986.00,99990.00,99983.00,99987.00,2
2025-01-01T05:17:00+00:00,99987.00,99991.00,99984.00,99988.00,2
2025-01-01T05:18:00+00:00,99988.00,99992.00,99985.00,99989.00,2
2025-01-01T05:19:00+00:00,99989.00,99993.00,99986.00,99990.00,2
2025-01-01T05:20:00+00:00,99990.00,99994.00,99987.00,99991.00,2
2025-01-01T05:21:00+00:00,99991.00,99995.00,99988.00,99992.00,2
2025-01-01T05:22:00+00:00,99992.00,99996.00,99989.00,99993.00,2
2025-01-01T05:23:00+00:00,99993.00,99997.00,99990.00,99994.00,2
2025-01-01T05:24:00+00:00,99994.00,99998.00,99991.00,99995.00,2
2025-01-01T05:25:00+00:00,99995.00,99999.00,99992.00,99996.00,2
2025-01-01T05:26:00+00:00,99996.00,100000.00,99993.00,99997.00,2
2025-01-01T05:27:00+00:00,99997.00,100001.00,99994.00,99998.00,2
2025-01-01T05:28:00+00:00,99998.00,100002.00,99995.00,99999.00,2
2025-01-01T05:29:00+00:00,99999.00,100003.00,99996.00,100000.00,2
2025-01-01T05:30:00+00:00,100000.00,100003.00,99996.00,99999.00,2
2025-01-01T05:31:00+00:00,99999.00,100002.00,99995.00,99998.00,2
2025-01-01T05:32:00+00:00,99998.00,100001.00,99994.00,99997.00,2
2025-01-01T05:33:00+00:00,99997.00,100000.00,99993.00,99996.00,2
2025-01-01T05:34:00+00:00,99996.00,99999.00,99992.00,99995.00,2
2025-01-01T05:35:00+00:00,99995.00,99998.00,99991.00,99994.00,2
2025-01-01T05:36:00+00:00,99994.00,99997.00,99990.00,99993.00,2
2025-01-01T05:37:00+00:00,99993.00,99996.00,99989.00,99992.00,2
2025-01-01T05:38:00+00:00,99992.00,99995.00,99988.00,99991.00,2
2025-01-01T05:39:00+00:00,99991.00,99994.00,99987.00,99990.00,2
2025-01-01T05:40:00+00:00,99990.00,99993.00,99986.00,99989.00,2
2025-01-01T05:41:00+00:00,99989.00,99992.00,99985.00,99988.00,2
2025-01-01T05:42:00+00:00,99988.00,99991.00,99984.00,99987.00,2
2025-01-01T05:43:00+00:00,99987.00,99990.00,99983.00,99986.00,2
2025-01-01T05:44:00+00:00,99986.00,99989.00,99982.00,99985.00,2
2025-01-01T05:45:00+00:00,99985.00,99989.00,99982.00,99986.00,2
2025-01-01T05:46:00+00:00,99986.00,99990.00,99983.00,99987.00,2
2025-01-01T05:47:00+00:00,99987.00,99991.00,99984.00,99988.00,2
2025-01-01T05:48:00+00:00,99988.00,99992.00,99985.00,99989.00,2
2025-01-01T05:49:00+00:00,99989.00,99993.00,99986.00,99990.00,2
2025-01-01T05:50:00+00:00,99990.00,99994.00,99987.00,99991.00,2
2025-01-01T05:51:00+00:00,99991.00,99995.00,99988.00,99992.00,2
2025-01-01T05:52:00+00:00,99992.00,99996.00,99989.00,99993.00,2
2025-01-01T05:53:00+00:00,99993.00,99997.00,99990.00,99994.00,2
2025-01-01T05:54:00+00:00,99994.00,99998.00,99991.00,99995.00,2
2025-01-01T05:55:00+00:00,99995.00,99999.00,99992.00,99996.00,2
2025-01-01T05:56:00+00:00,99996.00,100000.00,99993.00,99997.00,2
2025-01-01T05:57:00+00:00,99997.00,100001.00,99994.00,99998.00,2
2025-01-01T05:58:00+00:00,99998.00,100002.00,99995.00,99999.00,2
2025-01-01T05:59:00+00:00,99999.00,100003.00,99996.00,100000.00,2
2025-01-01T06:00:00+00:00,100000.00,100003.00,99996.00,99999.00,2
2025-01-01T06:01:00+00:00,99999.00,100002.00,99995.00,99998.00,2
2025-01-01T06:02:00+00:00,99998.00,100001.00,99994.00,99997.00,2
2025-01-01T06:03:00+00:00,99997.00,100000.00,99993.00,99996.00,2
2025-01-01T06:04:00+00:00,99996.00,99999.00,99992.00,99995.00,2
2025-01-01T06:05:00+00:00,99995.00,99998.00,99991.00,99994.00,2
2025-01-01T06:06:00+00:00,99994.00,99997.00,99990.00,99993.00,2
2025-01-01T06:07:00+00:00,99993.00,99996.00,99989.00,99992.00,2
2025-01-01T06:08:00+00:00,99992.00,99995.00,99988.00,99991.00,2
2025-01-01T06:09:00+00:00,99991.00,99994.00,99987.00,99990.00,2
2025-01-01T06:10:00+00:00,99990.00,99993.00,99986.00,99989.00,2
2025-01-01T06:11:00+00:00,99989.00,99992.00,99985.00,99988.00,2
2025-01-01T06:12:00+00:00,99988.00,99991.00,99984.00,99987.00,2
2025-01-01T06:13:00+00:00,99987.00,99990.00,99983.00,99986.00,2
2025-01-01T06:14:00+00:00,99986.00,99989.00,99982.00,99985.00,2
2025-01-01T06:15:00+00:00,99985.00,99989.00,99982.00,99986.00,2
2025-01-01T06:16:00+00:00,99986.00,99990.00,99983.00,99987.00,2
2025-01-01T06:17:00+00:00,99987.00,99991.00,99984.00,99988.00,2
2025-01-01T06:18:00+00:00,99988.00,99992.00,99985.00,99989.00,2
2025-01-01T06:19:00+00:00,99989.00,99993.00,99986.00,99990.00,2
2025-01-01T06:20:00+00:00,99990.00,99994.00,99987.00,99991.00,2
2025-01-01T06:21:00+00:00,99991.00,99995.00,99988.00,99992.00,2
2025-01-01T06:22:00+00:00,99992.00,99996.00,99989.00,99993.00,2
2025-01-01T06:23:00+00:00,99993.00,99997.00,99990.00,99994.00,2
2025-01-01T06:24:00+00:00,99994.00,99998.00,99991.00,99995.00,2
2025-01-01T06:25:00+00:00,99995.00,99999.00,99992.00,99996.00,2
2025-01-01T06:26:00+00:00,99996.00,100000.00,99993.00,99997.00,2
2025-01-01T06:27:00+00:00,99997.00,100001.00,99994.00,99998.00,2
2025-01-01T06:28:00+00:00,99998.00,100002.00,99995.00,99999.00,2
2025-01-01T06:29:00+00:00,99999.00,100003.00,99996.00,100000.00,2
2025-01-01T06:30:00+00:00,100000.00,100003.00,99996.00,99999.00,2
2025-01-01T06:31:00+00:00,99999.00,100002.00,99995.00,99998.00,2
2025-01-01T06:32:00+00:00,99998.00,100001.00,99994.00,99997.00,2
2025-01-01T06:33:00+00:00,99997.00,100000.00,99993.00,99996.00,2
2025-01-01T06:34:00+00:00,99996.00,99999.00,99992.00,99995.00,2
2025-01-01T06:35:00+00:00,99995.00,99998.00,99991.00,99994.00,2
2025-01-01T06:36:00+00:00,99994.00,99997.00,99990.00,99993.00,2
2025-01-01T06:37:00+00:00,99993.00,99996.00,99989.00,99992.00,2
2025-01-01T06:38:00+00:00,99992.00,99995.00,99988.00,99991.00,2
2025-01-01T06:39:00+00:00,99991.00,99994.00,99987.00,99990.00,2
2025-01-01T06:40:00+00:00,99990.00,99993.00,99986.00,99989.00,2
2025-01-01T06:41:00+00:00,99989.00,99992.00,99985.00,99988.00,2
2025-01-01T06:42:00+00:00,99988.00,99991.00,99984.00,99987.00,2
2025-01-01T06:43:00+00:00,99987.00,99990.00,99983.00,99986.00,2
2025-01-01T06:44:00+00:00,99986.00,99989.00,99982.00,99985.00,2
2025-01-01T06:45:00+00:00,99985.00,99989.00,99982.00,99986.00,2
2025-01-01T06:46:00+00:00,99986.00,99990.00,99983.00,99987.00,2
2025-01-01T06:47:00+00:00,99987.00,99991.00,99984.00,99988.00,2
2025-01-01T06:48:00+00:00,99988.00,99992.00,99985.00,99989.00,2
2025-01-01T06:49:00+00:00,99989.00,99993.00,99986.00,99990.00,2
2025-01-01T06:50:00+00:00,99990.00,99994.00,99987.00,99991.00,2
2025-01-01T06:51:00+00:00,99991.00,99995.00,99988.00,99992.00,2
2025-01-01T06:52:00+00:00,99992.00,99996.00,99989.00,99993.00,2
2025-01-01T06:53:00+00:00,99993.00,99997.00,99990.00,99994.00,2
2025-01-01T06:54:00+00:00,99994.00,99998.00,99991.00,99995.00,2
2025-01-01T06:55:00+00:00,99995.00,99999.00,99992.00,99996.00,2
2025-01-01T06:56:00+00:00,99996.00,100000.00,99993.00,99997.00,2
2025-01-01T06:57:00+00:00,99997.00,100001.00,99994.00,99998.00,2
2025-01-01T06:58:00+00:00,99998.00,100002.00,99995.00,99999.00,2
2025-01-01T06:59:00+00:00,99999.00,100003.00,99996.00,100000.00,2
2025-01-01T07:00:00+00:00,100000.00,100003.00,99996.00,99999.00,2
2025-01-01T07:01:00+00:00,99999.00,100002.00,99995.00,99998.00,2
2025-01-01T07:02:00+00:00,99998.00,100001.00,99994.00,99997.00,2
2025-01-01T07:03:00+00:00,99997.00,100000.00,99993.00,99996.00,2
2025-01-01T07:04:00+00:00,99996.00,99999.00,99992.00,99995.00,2
2025-01-01T07:05:00+00:00,99995.00,99998.00,99991.00,99994.00,2
2025-01-01T07:06:00+00:00,99994.00,99997.00,99990.00,99993.00,2
2025-01-01T07:07:00+00:00,99993.00,99996.00,99989.00,99992.00,2
2025-01-01T07:08:00+00:00,99992.00,99995.00,99988.00,99991.00,2
2025-01-01T07:09:00+00:00,99991.00,99994.00,99987.00,99990.00,2
2025-01-01T07:10:00+00:00,99990.00,99993.00,99986.00,99989.00,2
2025-01-01T07:11:00+00:00,99989.00,99992.00,99985.00,99988.00,2
2025-01-01T07:12:00+00:00,99988.00,99991.00,99984.00,99987.00,2
2025-01-01T07:13:00+00:00,99987.00,99990.00,99983.00,99986.00,2
2025-01-01T07:14:00+00:00,99986.00,99989.00,99982.00,99985.00,2
2025-01-01T07:15:00+00:00,99985.00,99989.00,99982.00,99986.00,2
2025-01-01T07:16:00+00:00,99986.00,99990.00,99983.00,99987.00,2
2025-01-01T07:17:00+00:00,99987.00,99991.00,99984.00,99988.00,2
2025-01-01T07:18:00+00:00,99988.00,99992.00,99985.00,99989.00,2
2025-01-01T07:19:00+00:00,99989.00,99993.00,99986.00,99990.00,2
2025-01-01T07:20:00+00:00,99990.00,99994.00,99987.00,99991.00,2
2025-01-01T07:21:00+00:00,99991.00,99995.00,99988.00,99992.00,2
2025-01-01T07:22:00+00:00,99992.00,99996.00,99989.00,99993.00,2
2025-01-01T07:23:00+00:00,99993.00,99997.00,99990.00,99994.00,2
2025-01-01T07:24:00+00:00,99994.00,99998.00,99991.00,99995.00,2
2025-01-01T07:25:00+00:00,99995.00,99999.00,99992.00,99996.00,2
2025-01-01T07:26:00+00:00,99996.00,100000.00,99993.00,99997.00,2
2025-01-01T07:27:00+00:00,99997.00,100001.00,99994.00,99998.00,2
2025-01-01T07:28:00+00:00,99998.00,100002.00,99995.00,99999.00,2
2025-01-01T07:29:00+00:00,99999.00,100003.00,99996.00,100000.00,2
2025-01-01T07:30:00+00:00,100000.00,100003.00,99996.00,99999.00,2
2025-01-01T07:31:00+00:00,99999.00,100002.00,99995.00,99998.00,2
2025-01-01T07:32:00+00:00,99998.00,100001.00,99994.00,99997.00,2
2025-01-01T07:33:00+00:00,99997.00,100000.00,99993.00,99996.00,2
2025-01-01T07:34:00+00:00,99996.00,99999.00,99992.00,99995.00,2
2025-01-01T07:35:00+00:00,99995.00,99998.00,99991.00,99994.00,2
2025-01-01T07:36:00+00:00,99994.00,99997.00,99990.00,99993.00,2
2025-01-01T07:37:00+00:00,99993.00,99996.00,99989.00,99992.00,2
2025-01-01T07:38:00+00:00,99992.00,99995.00,99988.00,99991.00,2
2025-01-01T07:39:00+00:00,99991.00,99994.00,99987.00,99990.00,2
2025-01-01T07:40:00+00:00,99990.00,99993.00,99986.00,99989.00,2
2025-01-01T07:41:00+00:00,99989.00,99992.00,99985.00,99988.00,2
2025-01-01T07:42:00+00:00,99988.00,99991.00,99984.00,99987.00,2
2025-01-01T07:43:00+00:00,99987.00,99990.00,99983.00,99986.00,2
2025-01-01T07:44:00+00:00,99986.00,99989.00,99982.00,99985.00,2
2025-01-01T07:45:00+00:00,99985.00,99989.00,99982.00,99986.00,2
2025-01-01T07:46:00+00:00,99986.00,99990.00,99983.00,99987.00,2
2025-01-01T07:47:00+00:00,99987.00,99991.00,99984.00,99988.00,2
2025-01-01T07:48:00+00:00,99988.00,99992.00,99985.00,99989.00,2
2025-01-01T07:49:00+00:00,99989.00,99993.00,99986.00,99990.00,2
2025-01-01T07:50:00+00:00,99990.00,99994.00,99987.00,99991.00,2
2025-01-01T07:51:00+00:00,99991.00,99995.00,99988.00,99992.00,2
2025-01-01T07:52:00+00:00,99992.00,99996.00,99989.00,99993.00,2
2025-01-01T07:53:00+00:00,99993.00,99997.00,99990.00,99994.00,2
2025-01-01T07:54:00+00:00,99994.00,99998.00,99991.00,99995.00,2
2025-01-01T07:55:00+00:00,99995.00,99999.00,99992.00,99996.00,2
2025-01-01T07:56:00+00:00,99996.00,100000.00,99993.00,99997.00,2
2025-01-01T07:57:00+00:00,99997.00,100001.00,99994.00,99998.00,2
2025-01-01T07:58:00+00:00,99998.00,100002.00,99995.00,99999.00,2
2025-01-01T07:59:00+00:00,99999.00,100003.00,99996.00,100000.00,2
2025-01-01T08:00:00+00:00,100000.00,100003.00,99996.00,99999.00,2
2025-01-01T08:01:00+00:00,99999.00,100002.00,99995.00,99998.00,2
2025-01-01T08:02:00+00:00,99998.00,100001.00,99994.00,99997.00,2
2025-01-01T08:03:00+00:00,99997.00,100000.00,99993.00,99996.00,2
2025-01-01T08:04:00+00:00,99996.00,99999.00,99992.00,99995.00,2
2025-01-01T08:05:00+00:00,99995.00,99998.00,99991.00,99994.00,2
2025-01-01T08:06:00+00:00,99994.00,99997.00,99990.00,99993.00,2
2025-01-01T08:07:00+00:00,99993.00,99996.00,99989.00,99992.00,2
2025-01-01T08:08:00+00:00,99992.00,99995.00,99988.00,99991.00,2
2025-01-01T08:09:00+00:00,99991.00,99994.00,99987.00,99990.00,2
2025-01-01T08:10:00+00:00,99990.00,99993.00,99986.00,99989.00,2
2025-01-01T08:11:00+00:00,99989.00,99992.00,99985.00,99988.00,2
2025-01-01T08:12:00+00:00,99988.00,99991.00,99984.00,99987.00,2
2025-01-01T08:13:00+00:00,99987.00,99990.00,99983.00,99986.00,2
2025-01-01T08:14:00+00:00,99986.00,99989.00,99982.00,99985.00,2
2025-01-01T08:15:00+00:00,99985.00,99989.00,99982.00,99986.00,2
2025-01-01T08:16:00+00:00,99986.00,99990.00,99983.00,99987.00,2
2025-01-01T08:17:00+00:00,99987.00,99991.00,99984.00,99988.00,2
2025-01-01T08:18:00+00:00,99988.00,99992.00,99985.00,99989.00,2
2025-01-01T08:19:00+00:00,99989.00,99993.00,99986.00,99990.00,2
2025-01-01T08:20:00+00:00,99990.00,99994.00,99987.00,99991.00,2
2025-01-01T08:21:00+00:00,99991.00,99995.00,99988.00,99992.00,2
2025-01-01T08:22:00+00:00,99992.00,99996.00,99989.00,99993.00,2
2025-01-01T08:23:00+00:00,99993.00,99997.00,99990.00,99994.00,2
2025-01-01T08:24:00+00:00,99994.00,99998.00,99991.00,99995.00,2
2025-01-01T08:25:00+00:00,99995.00,99999.00,99992.00,99996.00,2
2025-01-01T08:26:00+00:00,99996.00,100000.00,99993.00,99997.00,2
2025-01-01T08:27:00+00:00,99997.00,100001.00,99994.00,99998.00,2
2025-01-01T08:28:00+00:00,99998.00,100002.00,99995.00,99999.00,2
2025-01-01T08:29:00+00:00,99999.00,100003.00,99996.00,100000.00,2
2025-01-01T08:30:00+00:00,100000.00,100003.00,99996.00,99999.00,2
2025-01-01T08:31:00+00:00,99999.00,100002.00,99995.00,99998.00,2
2025-01-01T08:32:00+00:00,99998.00,100001.00,99994.00,99997.00,2
2025-01-01T08:33:00+00:00,99997.00,100000.00,99993.00,99996.00,2
2025-01-01T08:34:00+00:00,99996.00,99999.00,99992.00,99995.00,2
2025-01-01T08:35:00+00:00,99995.00,99998.00,99991.00,99994.00,2
2025-01-01T08:36:00+00:00,99994.00,99997.00,99990.00,99993.00,2
2025-01-01T08:37:00+00:00,99993.00,99996.00,99989.00,99992.00,2
2025-01-01T08:38:00+00:00,99992.00,99995.00,99988.00,99991.00,2
2025-01-01T08:39:00+00:00,99991.00,99994.00,99987.00,99990.00,2
2025-01-01T08:40:00+00:00,99990.00,99993.00,99986.00,99989.00,2
2025-01-01T08:41:00+00:00,99989.00,99992.00,99985.00,99988.00,2
2025-01-01T08:42:00+00:00,99988.00,99991.00,99984.00,99987.00,2
2025-01-01T08:43:00+00:00,99987.00,99990.00,99983.00,99986.00,2
2025-01-01T08:44:00+00:00,99986.00,99989.00,99982.00,99985.00,2
2025-01-01T08:45:00+00:00,99985.00,99989.00,99982.00,99986.00,2
2025-01-01T08:46:00+00:00,99986.00,99990.00,99983.00,99987.00,2
2025-01-01T08:47:00+00:00,99987.00,99991.00,99984.00,99988.00,2
2025-01-01T08:48:00+00:00,99988.00,99992.00,99985.00,99989.00,2
2025-01-01T08:49:00+00:00,99989.00,99993.00,99986.00,99990.00,2
2025-01-01T08:50:00+00:00,99990.00,99994.00,99987.00,99991.00,2
2025-01-01T08:51:00+00:00,99991.00,99995.00,99988.00,99992.00,2
2025-01-01T08:52:00+00:00,99992.00,99996.00,99989.00,99993.00,2
2025-01-01T08:53:00+00:00,99993.00,99997.00,99990.00,99994.00,2
2025-01-01T08:54:00+00:00,99994.00,99998.00,99991.00,99995.00,2
2025-01-01T08:55:00+00:00,99995.00,99999.00,99992.00,99996.00,2
2025-01-01T08:56:00+00:00,99996.00,100000.00,99993.00,99997.00,2
2025-01-01T08:57:00+00:00,99997.00,100001.00,99994.00,99998.00,2
2025-01-01T08:58:00+00:00,99998.00,100002.00,99995.00,99999.00,2
2025-01-01T08:59:00+00:00,99999.00,100003.00,99996.00,100000.00,2
2025-01-01T09:00:00+00:00,100000.00,100003.00,99996.00,99999.00,2
2025-01-01T09:01:00+00:00,99999.00,100002.00,99995.00,99998.00,2
2025-01-01T09:02:00+00:00,99998.00,100001.00,99994.00,99997.00,2
2025-01-01T09:03:00+00:00,99997.00,100000.00,99993.00,99996.00,2
2025-01-01T09:04:00+00:00,99996.00,99999.00,99992.00,99995.00,2
2025-01-01T09:05:00+00:00,99995.00,99998.00,99991.00,99994.00,2
2025-01-01T09:06:00+00:00,99994.00,99997.00,99990.00,99993.00,2
2025-01-01T09:07:00+00:00,99993.00,99996.00,99989.00,99992.00,2
2025-01-01T09:08:00+00:00,99992.00,99995.00,99988.00,99991.00,2
2025-01-01T09:09:00+00:00,99991.00,99994.00,99987.00,99990.00,2
2025-01-01T09:10:00+00:00,99990.00,99993.00,99986.00,99989.00,2
2025-01-01T09:11:00+00:00,99989.00,99992.00,99985.00,99988.00,2
2025-01-01T09:12:00+00:00,99988.00,99991.00,99984.00,99987.00,2
2025-01-01T09:13:00+00:00,99987.00,99990.00,99983.00,99986.00,2
2025-01-01T09:14:00+00:00,99986.00,99989.00,99982.00,99985.00,2
2025-01-01T09:15:00+00:00,99985.00,99989.00,99982.00,99986.00,2
2025-01-01T09:16:00+00:00,99986.00,99990.00,99983.00,99987.00,2
2025-01-01T09:17:00+00:00,99987.00,99991.00,99984.00,99988.00,2
2025-01-01T09:18:00+00:00,99988.00,99992.00,99985.00,99989.00,2
2025-01-01T09:19:00+00:00,99989.00,99993.00,99986.00,99990.00,2
2025-01-01T09:20:00+00:00,99990.00,99994.00,99987.00,99991.00,2
2025-01-01T09:21:00+00:00,99991.00,99995.00,99988.00,99992.00,2
2025-01-01T09:22:00+00:00,99992.00,99996.00,99989.00,99993.00,2
2025-01-01T09:23:00+00:00,99993.00,99997.00,99990.00,99994.00,2
2025-01-01T09:24:00+00:00,99994.00,99998.00,99991.00,99995.00,2
2025-01-01T09:25:00+00:00,99995.00,99999.00,99992.00,99996.00,2
2025-01-01T09:26:00+00:00,99996.00,100000.00,99993.00,99997.00,2
2025-01-01T09:27:00+00:00,99997.00,100001.00,99994.00,99998.00,2
2025-01-01T09:28:00+00:00,99998.00,100002.00,99995.00,99999.00,2
2025-01-01T09:29:00+00:00,99999.00,100003.00,99996.00,100000.00,2
2025-01-01T09:30:00+00:00,100000.00,100003.00,99996.00,99999.00,2
2025-01-01T09:31:00+00:00,99999.00,100002.00,99995.00,99998.00,2
2025-01-01T09:32:00+00:00,99998.00,100001.00,99994.00,99997.00,2
2025-01-01T09:33:00+00:00,99997.00,100000.00,99993.00,99996.00,2
2025-01-01T09:34:00+00:00,99996.00,99999.00,99992.00,99995.00,2
2025-01-01T09:35:00+00:00,99995.00,99998.00,99991.00,99994.00,2
2025-01-01T09:36:00+00:00,99994.00,99997.00,99990.00,99993.00,2
2025-01-01T09:37:00+00:00,99993.00,99996.00,99989.00,99992.00,2
2025-01-01T09:38:00+00:00,99992.00,99995.00,99988.00,99991.00,2
2025-01-01T09:39:00+00:00,99991.00,99994.00,99987.00,99990.00,2
2025-01-01T09:40:00+00:00,99990.00,99993.00,99986.00,99989.00,2
2025-01-01T09:41:00+00:00,99989.00,99992.00,99985.00,99988.00,2
2025-01-01T09:42:00+00:00,99988.00,99991.00,99984.00,99987.00,2
2025-01-01T09:43:00+00:00,99987.00,99990.00,99983.00,99986.00,2
2025-01-01T09:44:00+00:00,99986.00,99989.00,99982.00,99985.00,2
2025-01-01T09:45:00+00:00,99985.00,99989.00,99982.00,99986.00,2
2025-01-01T09:46:00+00:00,99986.00,99990.00,99983.00,99987.00,2
2025-01-01T09:47:00+00:00,99987.00,99991.00,99984.00,99988.00,2
2025-01-01T09:48:00+00:00,99988.00,99992.00,99985.00,99989.00,2
2025-01-01T09:49:00+00:00,99989.00,99993.00,99986.00,99990.00,2
2025-01-01T09:50:00+00:00,99990.00,99994.00,99987.00,99991.00,2
2025-01-01T09:51:00+00:00,99991.00,99995.00,99988.00,99992.00,2
2025-01-01T09:52:00+00:00,99992.00,99996.00,99989.00,99993.00,2
2025-01-01T09:53:00+00:00,99993.00,99997.00,99990.00,99994.00,2
2025-01-01T09:54:00+00:00,99994.00,99998.00,99991.00,99995.00,2
2025-01-01T09:55:00+00:00,99995.00,99999.00,99992.00,99996.00,2
2025-01-01T09:56:00+00:00,99996.00,100000.00,99993.00,99997.00,2
2025-01-01T09:57:00+00:00,99997.00,100001.00,99994.00,99998.00,2
2025-01-01T09:58:00+00:00,99998.00,100002.00,99995.00,99999.00,2
2025-01-01T09:59:00+00:00,99999.00,100003.00,99996.00,100000.00,2
2025-01-01T10:00:00+00:00,100000.00,100003.00,99996.00,99999.00,2
2025-01-01T10:01:00+00:00,99999.00,100002.00,99995.00,99998.00,2
2025-01-01T10:02:00+00:00,99998.00,100001.00,99994.00,99997.00,2
2025-01-01T10:03:00+00:00,99997.00,100000.00,99993.00,99996.00,2
2025-01-01T10:04:00+00:00,99996.00,99999.00,99992.00,99995.00,2
2025-01-01T10:05:00+00:00,99995.00,99998.00,99991.00,99994.00,2
2025-01-01T10:06:00+00:00,99994.00,99997.00,99990.00,99993.00,2
2025-01-01T10:07:00+00:00,99993.00,99996.00,99989.00,99992.00,2
2025-01-01T10:08:00+00:00,99992.00,99995.00,99988.00,99991.00,2
2025-01-01T10:09:00+00:00,99991.00,99994.00,99987.00,99990.00,2
2025-01-01T10:10:00+00:00,99990.00,99993.00,99986.00,99989.00,2
2025-01-01T10:11:00+00:00,99989.00,99992.00,99985.00,99988.00,2
2025-01-01T10:12:00+00:00,99988.00,99991.00,99984.00,99987.00,2
2025-01-01T10:13:00+00:00,99987.00,99990.00,99983.00,99986.00,2
2025-01-01T10:14:00+00:00,99986.00,99989.00,99982.00,99985.00,2
2025-01-01T10:15:00+00:00,99985.00,99989.00,99982.00,99986.00,2
2025-01-01T10:16:00+00:00,99986.00,99990.00,99983.00,99987.00,2
2025-01-01T10:17:00+00:00,99987.00,99991.00,99984.00,99988.00,2
2025-01-01T10:18:00+00:00,99988.00,99992.00,99985.00,99989.00,2
2025-01-01T10:19:00+00:00,99989.00,99993.00,99986.00,99990.00,2
2025-01-01T10:20:00+00:00,99990.00,99994.00,99987.00,99991.00,2
2025-01-01T10:21:00+00:00,99991.00,99995.00,99988.00,99992.00,2
2025-01-01T10:22:00+00:00,99992.00,99996.00,99989.00,99993.00,2
2025-01-01T10:23:00+00:00,99993.00,99997.00,99990.00,99994.00,2
2025-01-01T10:24:00+00:00,99994.00,99998.00,99991.00,99995.00,2
2025-01-01T10:25:00+00:00,99995.00,99999.00,99992.00,99996.00,2
2025-01-01T10:26:00+00:00,99996.00,100000.00,99993.00,99997.00,2
2025-01-01T10:27:00+00:00,99997.00,100001.00,99994.00,99998.00,2
2025-01-01T10:28:00+00:00,99998.00,100002.00,99995.00,99999.00,2
2025-01-01T10:29:00+00:00,99999.00,100003.00,99996.00,100000.00,2
2025-01-01T10:30:00+00:00,100000.00,100003.00,99996.00,99999.00,2
2025-01-01T10:31:00+00:00,99999.00,100002.00,99995.00,99998.00,2
2025-01-01T10:32:00+00:00,99998.00,100001.00,99994.00,99997.00,2
2025-01-01T10:33:00+00:00,99997.00,100000.00,99993.00,99996.00,2
2025-01-01T10:34:00+00:00,99996.00,99999.00,99992.00,99995.00,2
2025-01-01T10:35:00+00:00,99995.00,99998.00,99991.00,99994.00,2
2025-01-01T10:36:00+00:00,99994.00,99997.00,99990.00,99993.00,2
2025-01-01T10:37:00+00:00,99993.00,99996.00,99989.00,99992.00,2
2025-01-01T10:38:00+00:00,99992.00,99995.00,99988.00,99991.00,2
2025-01-01T10:39:00+00:00,99991.00,99994.00,99987.00,99990.00,2
2025-01-01T10:40:00+00:00,99990.00,99993.00,99986.00,99989.00,2
2025-01-01T10:41:00+00:00,99989.00,99992.00,99985.00,99988.00,2
2025-01-01T10:42:00+00:00,99988.00,99991.00,99984.00,99987.00,2
2025-01-01T10:43:00+00:00,99987.00,99990.00,99983.00,99986.00,2
2025-01-01T10:44:00+00:00,99986.00,99989.00,99982.00,99985.00,2
2025-01-01T10:45:00+00:00,99985.00,99989.00,99982.00,99986.00,2
2025-01-01T10:46:00+00:00,99986.00,99990.00,99983.00,99987.00,2
2025-01-01T10:47:00+00:00,99987.00,99991.00,99984.00,99988.00,2
2025-01-01T10:48:00+00:00,99988.00,99992.00,99985.00,99989.00,2
2025-01-01T10:49:00+00:00,99989.00,99993.00,99986.00,99990.00,2
2025-01-01T10:50:00+00:00,99990.00,99994.00,99987.00,99991.00,2
2025-01-01T10:51:00+00:00,99991.00,99995.00,99988.00,99992.00,2
2025-01-01T10:52:00+00:00,99992.00,99996.00,99989.00,99993.00,2
2025-01-01T10:53:00+00:00,99993.00,99997.00,99990.00,99994.00,2
2025-01-01T10:54:00+00:00,99994.00,99998.00,99991.00,99995.00,2
2025-01-01T10:55:00+00:00,99995.00,99999.00,99992.00,99996.00,2
2025-01-01T10:56:00+00:00,99996.00,100000.00,99993.00,99997.00,2
2025-01-01T10:57:00+00:00,99997.00,100001.00,99994.00,99998.00,2
2025-01-01T10:58:00+00:00,99998.00,100002.00,99995.00,99999.00,2
2025-01-01T10:59:00+00:00,99999.00,100003.00,99996.00,100000.00,2
2025-01-01T11:00:00+00:00,100000.00,100003.00,99996.00,99999.00,2
2025-01-01T11:01:00+00:00,99999.00,100002.00,99995.00,99998.00,2
2025-01-01T11:02:00+00:00,99998.00,100001.00,99994.00,99997.00,2
2025-01-01T11:03:00+00:00,99997.00,100000.00,99993.00,99996.00,2
2025-01-01T11:04:00+00:00,99996.00,99999.00,99992.00,99995.00,2
2025-01-01T11:05:00+00:00,99995.00,99998.00,99991.00,99994.00,2
2025-01-01T11:06:00+00:00,99994.00,99997.00,99990.00,99993.00,2
2025-01-01T11:07:00+00:00,99993.00,99996.00,99989.00,99992.00,2
2025-01-01T11:08:00+00:00,99992.00,99995.00,99988.00,99991.00,2
2025-01-01T11:09:00+00:00,99991.00,99994.00,99987.00,99990.00,2
2025-01-01T11:10:00+00:00,99990.00,99993.00,99986.00,99989.00,2
2025-01-01T11:11:00+00:00,99989.00,99992.00,99985.00,99988.00,2
2025-01-01T11:12:00+00:00,99988.00,99991.00,99984.00,99987.00,2
2025-01-01T11:13:00+00:00,99987.00,99990.00,99983.00,99986.00,2
2025-01-01T11:14:00+00:00,99986.00,99989.00,99982.00,99985.00,2
2025-01-01T11:15:00+00:00,99985.00,99989.00,99982.00,99986.00,2
2025-01-01T11:16:00+00:00,99986.00,99990.00,99983.00,99987.00,2
2025-01-01T11:17:00+00:00,99987.00,99991.00,99984.00,99988.00,2
2025-01-01T11:18:00+00:00,99988.00,99992.00,99985.00,99989.00,2
2025-01-01T11:19:00+00:00,99989.00,99993.00,99986.00,99990.00,2
2025-01-01T11:20:00+00:00,99990.00,99994.00,99987.00,99991.00,2
2025-01-01T11:21:00+00:00,99991.00,99995.00,99988.00,99992.00,2
2025-01-01T11:22:00+00:00,99992.00,99996.00,99989.00,99993.00,2
2025-01-01T11:23:00+00:00,99993.00,99997.00,99990.00,99994.00,2
2025-01-01T11:24:00+00:00,99994.00,99998.00,99991.00,99995.00,2
2025-01-01T11:25:00+00:00,99995.00,99999.00,99992.00,99996.00,2
2025-01-01T11:26:00+00:00,99996.00,100000.00,99993.00,99997.00,2
2025-01-01T11:27:00+00:00,99997.00,100001.00,99994.00,99998.00,2
2025-01-01T11:28:00+00:00,99998.00,100002.00,99995.00,99999.00,2
2025-01-01T11:29:00+00:00,99999.00,100003.00,99996.00,100000.00,2
2025-01-01T11:30:00+00:00,100000.00,100003.00,99996.00,99999.00,2
2025-01-01T11:31:00+00:00,99999.00,100002.00,99995.00,99998.00,2
2025-01-01T11:32:00+00:00,99998.00,100001.00,99994.00,99997.00,2
2025-01-01T11:33:00+00:00,99997.00,100000.00,99993.00,99996.00,2
2025-01-01T11:34:00+00:00,99996.00,99999.00,99992.00,99995.00,2
2025-01-01T11:35:00+00:00,99995.00,99998.00,99991.00,99994.00,2
2025-01-01T11:36:00+00:00,99994.00,99997.00,99990.00,99993.00,2
2025-01-01T11:37:00+00:00,99993.00,99996.00,99989.00,99992.00,2
2025-01-01T11:38:00+00:00,99992.00,99995.00,99988.00,99991.00,2
2025-01-01T11:39:00+00:00,99991.00,99994.00,99987.00,99990.00,2
2025-01-01T11:40:00+00:00,99990.00,99993.00,99986.00,99989.00,2
2025-01-01T11:41:00+00:00,99989.00,99992.00,99985.00,99988.00,2
2025-01-01T11:42:00+00:00,99988.00,99991.00,99984.00,99987.00,2
2025-01-01T11:43:00+00:00,99987.00,99990.00,99983.00,99986.00,2
2025-01-01T11:44:00+00:00,99986.00,99989.00,99982.00,99985.00,2
2025-01-01T11:45:00+00:00,99985.00,99989.00,99982.00,99986.00,2
2025-01-01T11:46:00+00:00,99986.00,99990.00,99983.00,99987.00,2
2025-01-01T11:47:00+00:00,99987.00,99991.00,99984.00,99988.00,2
2025-01-01T11:48:00+00:00,99988.00,99992.00,99985.00,99989.00,2
2025-01-01T11:49:00+00:00,99989.00,99993.00,99986.00,99990.00,2
2025-01-01T11:50:00+00:00,99990.00,99994.00,99987.00,99991.00,2
2025-01-01T11:51:00+00:00,99991.00,99995.00,99988.00,99992.00,2
2025-01-01T11:52:00+00:00,99992.00,99996.00,99989.00,99993.00,2
2025-01-01T11:53:00+00:00,99993.00,99997.00,99990.00,99994.00,2
2025-01-01T11:54:00+00:00,99994.00,99998.00,99991.00,99995.00,2
2025-01-01T11:55:00+00:00,99995.00,99999.00,99992.00,99996.00,2
2025-01-01T11:56:00+00:00,99996.00,100000.00,99993.00,99997.00,2
2025-01-01T11:57:00+00:00,99997.00,100001.00,99994.00,99998.00,2
2025-01-01T11:58:00+00:00,99998.00,100002.00,99995.00,99999.00,2
2025-01-01T11:59:00+00:00,99999.00,100003.00,99996.00,100000.00,2
2025-01-01T12:00:00+00:00,100000.00,100003.00,99996.00,99999.00,2
2025-01-01T12:01:00+00:00,99999.00,100002.00,99995.00,99998.00,2
2025-01-01T12:02:00+00:00,99998.00,100001.00,99994.00,99997.00,2
2025-01-01T12:03:00+00:00,99997.00,100000.00,99993.00,99996.00,2
2025-01-01T12:04:00+00:00,99996.00,99999.00,99992.00,99995.00,2
2025-01-01T12:05:00+00:00,99995.00,99998.00,99991.00,99994.00,2
2025-01-01T12:06:00+00:00,99994.00,99997.00,99990.00,99993.00,2
2025-01-01T12:07:00+00:00,99993.00,99996.00,99989.00,99992.00,2
2025-01-01T12:08:00+00:00,99992.00,99995.00,99988.00,99991.00,2
2025-01-01T12:09:00+00:00,99991.00,99994.00,99987.00,99990.00,2
2025-01-01T12:10:00+00:00,99990.00,99993.00,99986.00,99989.00,2
2025-01-01T12:11:00+00:00,99989.00,99992.00,99985.00,99988.00,2
2025-01-01T12:12:00+00:00,99988.00,99991.00,99984.00,99987.00,2
2025-01-01T12:13:00+00:00,99987.00,99990.00,99983.00,99986.00,2
2025-01-01T12:14:00+00:00,99986.00,99989.00,99982.00,99985.00,2
2025-01-01T12:15:00+00:00,99985.00,99989.00,99982.00,99986.00,2
2025-01-01T12:16:00+00:00,99986.00,99990.00,99983.00,99987.00,2
2025-01-01T12:17:00+00:00,99987.00,99991.00,99984.00,99988.00,2
2025-01-01T12:18:00+00:00,99988.00,99992.00,99985.00,99989.00,2
2025-01-01T12:19:00+00:00,99989.00,99993.00,99986.00,99990.00,2
2025-01-01T12:20:00+00:00,99990.00,99994.00,99987.00,99991.00,2
2025-01-01T12:21:00+00:00,99991.00,99995.00,99988.00,99992.00,2
2025-01-01T12:22:00+00:00,99992.00,99996.00,99989.00,99993.00,2
2025-01-01T12:23:00+00:00,99993.00,99997.00,99990.00,99994.00,2
2025-01-01T12:24:00+00:00,99994.00,99998.00,99991.00,99995.00,2
2025-01-01T12:25:00+00:00,99995.00,99999.00,99992.00,99996.00,2
2025-01-01T12:26:00+00:00,99996.00,100000.00,99993.00,99997.00,2
2025-01-01T12:27:00+00:00,99997.00,100001.00,99994.00,99998.00,2
2025-01-01T12:28:00+00:00,99998.00,100002.00,99995.00,99999.00,2
2025-01-01T12:29:00+00:00,99999.00,100003.00,99996.00,100000.00,2
2025-01-01T12:30:00+00:00,100000.00,100003.00,99996.00,99999.00,2
2025-01-01T12:31:00+00:00,99999.00,100002.00,99995.00,99998.00,2
2025-01-01T12:32:00+00:00,99998.00,100001.00,99994.00,99997.00,2
2025-01-01T12:33:00+00:00,99997.00,100000.00,99993.00,99996.00,2
2025-01-01T12:34:00+00:00,99996.00,99999.00,99992.00,99995.00,2
2025-01-01T12:35:00+00:00,99995.00,99998.00,99991.00,99994.00,2
2025-01-01T12:36:00+00:00,99994.00,99997.00,99990.00,99993.00,2
2025-01-01T12:37:00+00:00,99993.00,99996.00,99989.00,99992.00,2
2025-01-01T12:38:00+00:00,99992.00,99995.00,99988.00,99991.00,2
2025-01-01T12:39:00+00:00,99991.00,99994.00,99987.00,99990.00,2
2025-01-01T12:40:00+00:00,99990.00,99993.00,99986.00,99989.00,2
2025-01-01T12:41:00+00:00,99989.00,99992.00,99985.00,99988.00,2
2025-01-01T12:42:00+00:00,99988.00,99991.00,99984.00,99987.00,2
2025-01-01T12:43:00+00:00,99987.00,99990.00,99983.00,99986.00,2
2025-01-01T12:44:00+00:00,99986.00,99989.00,99982.00,99985.00,2
2025-01-01T12:45:00+00:00,99985.00,99989.00,99982.00,99986.00,2
2025-01-01T12:46:00+00:00,99986.00,99990.00,99983.00,99987.00,2
2025-01-01T12:47:00+00:00,99987.00,99991.00,99984.00,99988.00,2
2025-01-01T12:48:00+00:00,99988.00,99992.00,99985.00,99989.00,2
2025-01-01T12:49:00+00:00,99989.00,99993.00,99986.00,99990.00,2
2025-01-01T12:50:00+00:00,99990.00,99994.00,99987.00,99991.00,2
2025-01-01T12:51:00+00:00,99991.00,99995.00,99988.00,99992.00,2
2025-01-01T12:52:00+00:00,99992.00,99996.00,99989.00,99993.00,2
2025-01-01T12:53:00+00:00,99993.00,99997.00,99990.00,99994.00,2
2025-01-01T12:54:00+00:00,99994.00,99998.00,99991.00,99995.00,2
2025-01-01T12:55:00+00:00,99995.00,99999.00,99992.00,99996.00,2
2025-01-01T12:56:00+00:00,99996.00,100000.00,99993.00,99997.00,2
2025-01-01T12:57:00+00:00,99997.00,100001.00,99994.00,99998.00,2
2025-01-01T12:58:00+00:00,99998.00,100002.00,99995.00,99999.00,2
2025-01-01T12:59:00+00:00,99999.00,100003.00,99996.00,100000.00,2
2025-01-01T13:00:00+00:00,100000.00,100003.00,99996.00,99999.00,2
2025-01-01T13:01:00+00:00,99999.00,100002.00,99995.00,99998.00,2
2025-01-01T13:02:00+00:00,99998.00,100001.00,99994.00,99997.00,2
2025-01-01T13:03:00+00:00,99997.00,100000.00,99993.00,99996.00,2
2025-01-01T13:04:00+00:00,99996.00,99999.00,99992.00,99995.00,2
2025-01-01T13:05:00+00:00,99995.00,99998.00,99991.00,99994.00,2
2025-01-01T13:06:00+00:00,99994.00,99997.00,99990.00,99993.00,2
2025-01-01T13:07:00+00:00,99993.00,99996.00,99989.00,99992.00,2
2025-01-01T13:08:00+00:00,99992.00,99995.00,99988.00,99991.00,2
2025-01-01T13:09:00+00:00,99991.00,99994.00,99987.00,99990.00,2
2025-01-01T13:10:00+00:00,99990.00,99993.00,99986.00,99989.00,2
2025-01-01T13:11:00+00:00,99989.00,99992.00,99985.00,99988.00,2
2025-01-01T13:12:00+00:00,99988.00,99991.00,99984.00,99987.00,2
2025-01-01T13:13:00+00:00,99987.00,99990.00,99983.00,99986.00,2
2025-01-01T13:14:00+00:00,99986.00,99989.00,99982.00,99985.00,2
2025-01-01T13:15:00+00:00,99985.00,99989.00,99982.00,99986.00,2
2025-01-01T13:16:00+00:00,99986.00,99990.00,99983.00,99987.00,2
2025-01-01T13:17:00+00:00,99987.00,99991.00,99984.00,99988.00,2
2025-01-01T13:18:00+00:00,99988.00,99992.00,99985.00,99989.00,2
2025-01-01T13:19:00+00:00,99989.00,99993.00,99986.00,99990.00,2
2025-01-01T13:20:00+00:00,99990.00,99994.00,99987.00,99991.00,2
2025-01-01T13:21:00+00:00,99991.00,99995.00,99988.00,99992.00,2
2025-01-01T13:22:00+00:00,99992.00,99996.00,99989.00,99993.00,2
2025-01-01T13:23:00+00:00,99993.00,99997.00,99990.00,99994.00,2
2025-01-01T13:24:00+00:00,99994.00,99998.00,99991.00,99995.00,2
2025-01-01T13:25:00+00:00,99995.00,99999.00,99992.00,99996.00,2
2025-01-01T13:26:00+00:00,99996.00,100000.00,99993.00,99997.00,2
2025-01-01T13:27:00+00:00,99997.00,100001.00,99994.00,99998.00,2
2025-01-01T13:28:00+00:00,99998.00,100002.00,99995.00,99999.00,2
2025-01-01T13:29:00+00:00,99999.00,100003.00,99996.00,100000.00,2
2025-01-01T13:30:00+00:00,100000.00,100003.00,99996.00,99999.00,2
2025-01-01T13:31:00+00:00,99999.00,100002.00,99995.00,99998.00,2
2025-01-01T13:32:00+00:00,99998.00,100001.00,99994.00,99997.00,2
2025-01-01T13:33:00+00:00,99997.00,100000.00,99993.00,99996.00,2
2025-01-01T13:34:00+00:00,99996.00,99999.00,99992.00,99995.00,2
2025-01-01T13:35:00+00:00,99995.00,99998.00,99991.00,99994.00,2
2025-01-01T13:36:00+00:00,99994.00,99997.00,99990.00,99993.00,2
2025-01-01T13:37:00+00:00,99993.00,99996.00,99989.00,99992.00,2
2025-01-01T13:38:00+00:00,99992.00,99995.00,99988.00,99991.00,2
2025-01-01T13:39:00+00:00,99991.00,99994.00,99987.00,99990.00,2
2025-01-01T13:40:00+00:00,99990.00,99993.00,99986.00,99989.00,2
2025-01-01T13:41:00+00:00,99989.00,99992.00,99985.00,99988.00,2
2025-01-01T13:42:00+00:00,99988.00,99991.00,99984.00,99987.00,2
2025-01-01T13:43:00+00:00,99987.00,99990.00,99983.00,99986.00,2
2025-01-01T13:44:00+00:00,99986.00,99989.00,99982.00,99985.00,2
2025-01-01T13:45:00+00:00,99985.00,99989.00,99982.00,99986.00,2
2025-01-01T13:46:00+00:00,99986.00,99990.00,99983.00,99987.00,2
2025-01-01T13:47:00+00:00,99987.00,99991.00,99984.00,99988.00,2
2025-01-01T13:48:00+00:00,99988.00,99992.00,99985.00,99989.00,2
2025-01-01T13:49:00+00:00,99989.00,99993.00,99986.00,99990.00,2
2025-01-01T13:50:00+00:00,99990.00,99994.00,99987.00,99991.00,2
2025-01-01T13:51:00+00:00,99991.00,99995.00,99988.00,99992.00,2
2025-01-01T13:52:00+00:00,99992.00,99996.00,99989.00,99993.00,2
2025-01-01T13:53:00+00:00,99993.00,99997.00,99990.00,99994.00,2
2025-01-01T13:54:00+00:00,99994.00,99998.00,99991.00,99995.00,2
2025-01-01T13:55:00+00:00,99995.00,99999.00,99992.00,99996.00,2
2025-01-01T13:56:00+00:00,99996.00,100000.00,99993.00,99997.00,2
2025-01-01T13:57:00+00:00,99997.00,100001.00,99994.00,99998.00,2
2025-01-01T13:58:00+00:00,99998.00,100002.00,99995.00,99999.00,2
2025-01-01T13:59:00+00:00,99999.00,100003.00,99996.00,100000.00,2
2025-01-01T14:00:00+00:00,100000.00,100003.00,99996.00,99999.00,2
2025-01-01T14:01:00+00:00,99999.00,100002.00,99995.00,99998.00,2
2025-01-01T14:02:00+00:00,99998.00,100001.00,99994.00,99997.00,2
2025-01-01T14:03:00+00:00,99997.00,100000.00,99993.00,99996.00,2
2025-01-01T14:04:00+00:00,99996.00,99999.00,99992.00,99995.00,2
2025-01-01T14:05:00+00:00,99995.00,99998.00,99991.00,99994.00,2
2025-01-01T14:06:00+00:00,99994.00,99997.00,99990.00,99993.00,2
2025-01-01T14:07:00+00:00,99993.00,99996.00,99989.00,99992.00,2
2025-01-01T14:08:00+00:00,99992.00,99995.00,99988.00,99991.00,2
2025-01-01T14:09:00+00:00,99991.00,99994.00,99987.00,99990.00,2
2025-01-01T14:10:00+00:00,99990.00,99993.00,99986.00,99989.00,2
2025-01-01T14:11:00+00:00,99989.00,99992.00,99985.00,99988.00,2
2025-01-01T14:12:00+00:00,99988.00,99991.00,99984.00,99987.00,2
2025-01-01T14:13:00+00:00,99987.00,99990.00,99983.00,99986.00,2
2025-01-01T14:14:00+00:00,99986.00,99989.00,99982.00,99985.00,2
2025-01-01T14:15:00+00:00,99985.00,99989.00,99982.00,99986.00,2
2025-01-01T14:16:00+00:00,99986.00,99990.00,99983.00,99987.00,2
2025-01-01T14:17:00+00:00,99987.00,99991.00,99984.00,99988.00,2
2025-01-01T14:18:00+00:00,99988.00,99992.00,99985.00,99989.00,2
2025-01-01T14:19:00+00:00,99989.00,99993.00,99986.00,99990.00,2
2025-01-01T14:20:00+00:00,99990.00,99994.00,99987.00,99991.00,2
2025-01-01T14:21:00+00:00,99991.00,99995.00,99988.00,99992.00,2
2025-01-01T14:22:00+00:00,99992.00,99996.00,99989.00,99993.00,2
2025-01-01T14:23:00+00:00,99993.00,99997.00,99990.00,99994.00,2
2025-01-01T14:24:00+00:00,99994.00,99998.00,99991.00,99995.00,2
2025-01-01T14:25:00+00:00,99995.00,99999.00,99992.00,99996.00,2
2025-01-01T14:26:00+00:00,99996.00,100000.00,99993.00,99997.00,2
2025-01-01T14:27:00+00:00,99997.00,100001.00,99994.00,99998.00,2
2025-01-01T14:28:00+00:00,99998.00,100002.00,99995.00,99999.00,2
2025-01-01T14:29:00+00:00,99999.00,100003.00,99996.00,100000.00,2
2025-01-01T14:30:00+00:00,100000.00,100003.00,99996.00,99999.00,2
2025-01-01T14:31:00+00:00,99999.00,100002.00,99995.00,99998.00,2
2025-01-01T14:32:00+00:00,99998.00,100001.00,99994.00,99997.00,2
2025-01-01T14:33:00+00:00,99997.00,100000.00,99993.00,99996.00,2
2025-01-01T14:34:00+00:00,99996.00,99999.00,99992.00,99995.00,2
2025-01-01T14:35:00+00:00,99995.00,99998.00,99991.00,99994.00,2
2025-01-01T14:36:00+00:00,99994.00,99997.00,99990.00,99993.00,2
2025-01-01T14:37:00+00:00,99993.00,99996.00,99989.00,99992.00,2
2025-01-01T14:38:00+00:00,99992.00,99995.00,99988.00,99991.00,2
2025-01-01T14:39:00+00:00,99991.00,99994.00,99987.00,99990.00,2
2025-01-01T14:40:00+00:00,99990.00,99993.00,99986.00,99989.00,2
2025-01-01T14:41:00+00:00,99989.00,99992.00,99985.00,99988.00,2
2025-01-01T14:42:00+00:00,99988.00,99991.00,99984.00,99987.00,2
2025-01-01T14:43:00+00:00,99987.00,99990.00,99983.00,99986.00,2
2025-01-01T14:44:00+00:00,99986.00,99989.00,99982.00,99985.00,2
2025-01-01T14:45:00+00:00,99985.00,99989.00,99982.00,99986.00,2
2025-01-01T14:46:00+00:00,99986.00,99990.00,99983.00,99987.00,2
2025-01-01T14:47:00+00:00,99987.00,99991.00,99984.00,99988.00,2
2025-01-01T14:48:00+00:00,99988.00,99992.00,99985.00,99989.00,2
2025-01-01T14:49:00+00:00,99989.00,99993.00,99986.00,99990.00,2
2025-01-01T14:50:00+00:00,99990.00,99994.00,99987.00,99991.00,2
2025-01-01T14:51:00+00:00,99991.00,99995.00,99988.00,99992.00,2
2025-01-01T14:52:00+00:00,99992.00,99996.00,99989.00,99993.00,2
2025-01-01T14:53:00+00:00,99993.00,99997.00,99990.00,99994.00,2
2025-01-01T14:54:00+00:00,99994.00,99998.00,99991.00,99995.00,2
2025-01-01T14:55:00+00:00,99995.00,99999.00,99992.00,99996.00,2
2025-01-01T14:56:00+00:00,99996.00,100000.00,99993.00,99997.00,2
2025-01-01T14:57:00+00:00,99997.00,100001.00,99994.00,99998.00,2
2025-01-01T14:58:00+00:00,99998.00,100002.00,99995.00,99999.00,2
2025-01-01T14:59:00+00:00,99999.00,100003.00,99996.00,100000.00,2
2025-01-01T15:00:00+00:00,100000.00,100003.00,99996.00,99999.00,2
2025-01-01T15:01:00+00:00,99999.00,100002.00,99995.00,99998.00,2
2025-01-01T15:02:00+00:00,99998.00,100001.00,99994.00,99997.00,2
2025-01-01T15:03:00+00:00,99997.00,100000.00,99993.00,99996.00,2
2025-01-01T15:04:00+00:00,99996.00,99999.00,99992.00,99995.00,2
2025-01-01T15:05:00+00:00,99995.00,99998.00,99991.00,99994.00,2
2025-01-01T15:06:00+00:00,99994.00,99997.00,99990.00,99993.00,2
2025-01-01T15:07:00+00:00,99993.00,99996.00,99989.00,99992.00,2
2025-01-01T15:08:00+00:00,99992.00,99995.00,99988.00,99991.00,2
2025-01-01T15:09:00+00:00,99991.00,99994.00,99987.00,99990.00,2
2025-01-01T15:10:00+00:00,99990.00,99993.00,99986.00,99989.00,2
2025-01-01T15:11:00+00:00,99989.00,99992.00,99985.00,99988.00,2
2025-01-01T15:12:00+00:00,99988.00,99991.00,99984.00,99987.00,2
2025-01-01T15:13:00+00:00,99987.00,99990.00,99983.00,99986.00,2
2025-01-01T15:14:00+00:00,99986.00,99989.00,99982.00,99985.00,2
2025-01-01T15:15:00+00:00,99985.00,99989.00,99982.00,99986.00,2
2025-01-01T15:16:00+00:00,99986.00,99990.00,99983.00,99987.00,2
2025-01-01T15:17:00+00:00,99987.00,99991.00,99984.00,99988.00,2
2025-01-01T15:18:00+00:00,99988.00,99992.00,99985.00,99989.00,2
2025-01-01T15:19:00+00:00,99989.00,99993.00,99986.00,99990.00,2
2025-01-01T15:20:00+00:00,99990.00,99994.00,99987.00,99991.00,2
2025-01-01T15:21:00+00:00,99991.00,99995.00,99988.00,99992.00,2
2025-01-01T15:22:00+00:00,99992.00,99996.00,99989.00,99993.00,2
2025-01-01T15:23:00+00:00,99993.00,99997.00,99990.00,99994.00,2
2025-01-01T15:24:00+00:00,99994.00,99998.00,99991.00,99995.00,2
2025-01-01T15:25:00+00:00,99995.00,99999.00,99992.00,99996.00,2
2025-01-01T15:26:00+00:00,99996.00,100000.00,99993.00,99997.00,2
2025-01-01T15:27:00+00:00,99997.00,100001.00,99994.00,99998.00,2
2025-01-01T15:28:00+00:00,99998.00,100002.00,99995.00,99999.00,2
2025-01-01T15:29:00+00:00,99999.00,100003.00,99996.00,100000.00,2
2025-01-01T15:30:00+00:00,100000.00,100003.00,99996.00,99999.00,2
2025-01-01T15:31:00+00:00,99999.00,100002.00,99995.00,99998.00,2
2025-01-01T15:32:00+00:00,99998.00,100001.00,99994.00,99997.00,2
2025-01-01T15:33:00+00:00,99997.00,100000.00,99993.00,99996.00,2
2025-01-01T15:34:00+00:00,99996.00,99999.00,99992.00,99995.00,2
2025-01-01T15:35:00+00:00,99995.00,99998.00,99991.00,99994.00,2
2025-01-01T15:36:00+00:00,99994.00,99997.00,99990.00,99993.00,2
2025-01-01T15:37:00+00:00,99993.00,99996.00,99989.00,99992.00,2
2025-01-01T15:38:00+00:00,99992.00,99995.00,99988.00,99991.00,2
2025-01-01T15:39:00+00:00,99991.00,99994.00,99987.00,99990.00,2
2025-01-01T15:40:00+00:00,99990.00,99993.00,99986.00,99989.00,2
2025-01-01T15:41:00+00:00,99989.00,99992.00,99985.00,99988.00,2
2025-01-01T15:42:00+00:00,99988.00,99991.00,99984.00,99987.00,2
2025-01-01T15:43:00+00:00,99987.00,99990.00,99983.00,99986.00,2
2025-01-01T15:44:00+00:00,99986.00,99989.00,99982.00,99985.00,2
2025-01-01T15:45:00+00:00,99985.00,99989.00,99982.00,99986.00,2
2025-01-01T15:46:00+00:00,99986.00,99990.00,99983.00,99987.00,2
2025-01-01T15:47:00+00:00,99987.00,99991.00,99984.00,99988.00,2
2025-01-01T15:48:00+00:00,99988.00,99992.00,99985.00,99989.00,2
2025-01-01T15:49:00+00:00,99989.00,99993.00,99986.00,99990.00,2
2025-01-01T15:50:00+00:00,99990.00,99994.00,99987.00,99991.00,2
2025-01-01T15:51:00+00:00,99991.00,99995.00,99988.00,99992.00,2
2025-01-01T15:52:00+00:00,99992.00,99996.00,99989.00,99993.00,2
2025-01-01T15:53:00+00:00,99993.00,99997.00,99990.00,99994.00,2
2025-01-01T15:54:00+00:00,99994.00,99998.00,99991.00,99995.00,2
2025-01-01T15:55:00+00:00,99995.00,99999.00,99992.00,99996.00,2
2025-01-01T15:56:00+00:00,99996.00,100000.00,99993.00,99997.00,2
2025-01-01T15:57:00+00:00,99997.00,100001.00,99994.00,99998.00,2
2025-01-01T15:58:00+00:00,99998.00,100002.00,99995.00,99999.00,2
2025-01-01T15:59:00+00:00,99999.00,100003.00,99996.00,100000.00,2
2025-01-01T16:00:00+00:00,100000.00,100003.00,99996.00,99999.00,2
2025-01-01T16:01:00+00:00,99999.00,100002.00,99995.00,99998.00,2
2025-01-01T16:02:00+00:00,99998.00,100001.00,99994.00,99997.00,2
2025-01-01T16:03:00+00:00,99997.00,100000.00,99993.00,99996.00,2
2025-01-01T16:04:00+00:00,99996.00,99999.00,99992.00,99995.00,2
2025-01-01T16:05:00+00:00,99995.00,99998.00,99991.00,99994.00,2
2025-01-01T16:06:00+00:00,99994.00,99997.00,99990.00,99993.00,2
2025-01-01T16:07:00+00:00,99993.00,99996.00,99989.00,99992.00,2
2025-01-01T16:08:00+00:00,99992.00,99995.00,99988.00,99991.00,2
2025-01-01T16:09:00+00:00,99991.00,99994.00,99987.00,99990.00,2
2025-01-01T16:10:00+00:00,99990.00,99993.00,99986.00,99989.00,2
2025-01-01T16:11:00+00:00,99989.00,99992.00,99985.00,99988.00,2
2025-01-01T16:12:00+00:00,99988.00,99991.00,99984.00,99987.00,2
2025-01-01T16:13:00+00:00,99987.00,99990.00,99983.00,99986.00,2
2025-01-01T16:14:00+00:00,99986.00,99989.00,99982.00,99985.00,2
2025-01-01T16:15:00+00:00,99985.00,99989.00,99982.00,99986.00,2
2025-01-01T16:16:00+00:00,99986.00,99990.00,99983.00,99987.00,2
2025-01-01T16:17:00+00:00,99987.00,99991.00,99984.00,99988.00,2
2025-01-01T16:18:00+00:00,99988.00,99992.00,99985.00,99989.00,2
2025-01-01T16:19:00+00:00,99989.00,99993.00,99986.00,99990.00,2
2025-01-01T16:20:00+00:00,99990.00,99994.00,99987.00,99991.00,2
2025-01-01T16:21:00+00:00,99991.00,99995.00,99988.00,99992.00,2
2025-01-01T16:22:00+00:00,99992.00,99996.00,99989.00,99993.00,2
2025-01-01T16:23:00+00:00,99993.00,99997.00,99990.00,99994.00,2
2025-01-01T16:24:00+00:00,99994.00,99998.00,99991.00,99995.00,2
2025-01-01T16:25:00+00:00,99995.00,99999.00,99992.00,99996.00,2
2025-01-01T16:26:00+00:00,99996.00,100000.00,99993.00,99997.00,2
2025-01-01T16:27:00+00:00,99997.00,100001.00,99994.00,99998.00,2
2025-01-01T16:28:00+00:00,99998.00,100002.00,99995.00,99999.00,2
2025-01-01T16:29:00+00:00,99999.00,100003.00,99996.00,100000.00,2
2025-01-01T16:30:00+00:00,100000.00,100003.00,99996.00,99999.00,2
2025-01-01T16:31:00+00:00,99999.00,100002.00,99995.00,99998.00,2
2025-01-01T16:32:00+00:00,99998.00,100001.00,99994.00,99997.00,2
2025-01-01T16:33:00+00:00,99997.00,100000.00,99993.00,99996.00,2
2025-01-01T16:34:00+00:00,99996.00,99999.00,99992.00,99995.00,2
2025-01-01T16:35:00+00:00,99995.00,99998.00,99991.00,99994.00,2
2025-01-01T16:36:00+00:00,99994.00,99997.00,99990.00,99993.00,2
2025-01-01T16:37:00+00:00,99993.00,99996.00,99989.00,99992.00,2
2025-01-01T16:38:00+00:00,99992.00,99995.00,99988.00,99991.00,2
2025-01-01T16:39:00+00:00,99991.00,99994.00,99987.00,99990.00,2
2025-01-01T16:40:00+00:00,99990.00,99993.00,99986.00,99989.00,2
2025-01-01T16:41:00+00:00,99989.00,99992.00,99985.00,99988.00,2
2025-01-01T16:42:00+00:00,99988.00,99991.00,99984.00,99987.00,2
2025-01-01T16:43:00+00:00,99987.00,99990.00,99983.00,99986.00,2
2025-01-01T16:44:00+00:00,99986.00,99989.00,99982.00,99985.00,2
2025-01-01T16:45:00+00:00,99985.00,99989.00,99982.00,99986.00,2
2025-01-01T16:46:00+00:00,99986.00,99990.00,99983.00,99987.00,2
2025-01-01T16:47:00+00:00,99987.00,99991.00,99984.00,99988.00,2
2025-01-01T16:48:00+00:00,99988.00,99992.00,99985.00,99989.00,2
2025-01-01T16:49:00+00:00,99989.00,99993.00,99986.00,99990.00,2
2025-01-01T16:50:00+00:00,99990.00,99994.00,99987.00,99991.00,2
2025-01-01T16:51:00+00:00,99991.00,99995.00,99988.00,99992.00,2
2025-01-01T16:52:00+00:00,99992.00,99996.00,99989.00,99993.00,2
2025-01-01T16:53:00+00:00,99993.00,99997.00,99990.00,99994.00,2
2025-01-01T16:54:00+00:00,99994.00,99998.00,99991.00,99995.00,2
2025-01-01T16:55:00+00:00,99995.00,99999.00,99992.00,99996.00,2
2025-01-01T16:56:00+00:00,99996.00,100000.00,99993.00,99997.00,2
2025-01-01T16:57:00+00:00,99997.00,100001.00,99994.00,99998.00,2
2025-01-01T16:58:00+00:00,99998.00,100002.00,99995.00,99999.00,2
2025-01-01T16:59:00+00:00,99999.00,100003.00,99996.00,100000.00,2
2025-01-01T17:00:00+00:00,100000.00,100003.00,99996.00,99999.00,2
2025-01-01T17:01:00+00:00,99999.00,100002.00,99995.00,99998.00,2
2025-01-01T17:02:00+00:00,99998.00,100001.00,99994.00,99997.00,2
2025-01-01T17:03:00+00:00,99997.00,100000.00,99993.00,99996.00,2
2025-01-01T17:04:00+00:00,99996.00,99999.00,99992.00,99995.00,2
2025-01-01T17:05:00+00:00,99995.00,99998.00,99991.00,99994.00,2
2025-01-01T17:06:00+00:00,99994.00,99997.00,99990.00,99993.00,2
2025-01-01T17:07:00+00:00,99993.00,99996.00,99989.00,99992.00,2
2025-01-01T17:08:00+00:00,99992.00,99995.00,99988.00,99991.00,2
2025-01-01T17:09:00+00:00,99991.00,99994.00,99987.00,99990.00,2
2025-01-01T17:10:00+00:00,99990.00,99993.00,99986.00,99989.00,2
2025-01-01T17:11:00+00:00,99989.00,99992.00,99985.00,99988.00,2
2025-01-01T17:12:00+00:00,99988.00,99991.00,99984.00,99987.00,2
2025-01-01T17:13:00+00:00,99987.00,99990.00,99983.00,99986.00,2
2025-01-01T17:14:00+00:00,99986.00,99989.00,99982.00,99985.00,2
2025-01-01T17:15:00+00:00,99985.00,99989.00,99982.00,99986.00,2
2025-01-01T17:16:00+00:00,99986.00,99990.00,99983.00,99987.00,2
2025-01-01T17:17:00+00:00,99987.00,99991.00,99984.00,99988.00,2
2025-01-01T17:18:00+00:00,99988.00,99992.00,99985.00,99989.00,2
2025-01-01T17:19:00+00:00,99989.00,99993.00,99986.00,99990.00,2
2025-01-01T17:20:00+00:00,99990.00,99994.00,99987.00,99991.00,2
2025-01-01T17:21:00+00:00,99991.00,99995.00,99988.00,99992.00,2
2025-01-01T17:22:00+00:00,99992.00,99996.00,99989.00,99993.00,2
2025-01-01T17:23:00+00:00,99993.00,99997.00,99990.00,99994.00,2
2025-01-01T17:24:00+00:00,99994.00,99998.00,99991.00,99995.00,2
2025-01-01T17:25:00+00:00,99995.00,99999.00,99992.00,99996.00,2
2025-01-01T17:26:00+00:00,99996.00,100000.00,99993.00,99997.00,2
2025-01-01T17:27:00+00:00,99997.00,100001.00,99994.00,99998.00,2
2025-01-01T17:28:00+00:00,99998.00,100002.00,99995.00,99999.00,2
2025-01-01T17:29:00+00:00,99999.00,100003.00,99996.00,100000.00,2
2025-01-01T17:30:00+00:00,100000.00,100003.00,99996.00,99999.00,2
2025-01-01T17:31:00+00:00,99999.00,100002.00,99995.00,99998.00,2
2025-01-01T17:32:00+00:00,99998.00,100001.00,99994.00,99997.00,2
2025-01-01T17:33:00+00:00,99997.00,100000.00,99993.00,99996.00,2
2025-01-01T17:34:00+00:00,99996.00,99999.00,99992.00,99995.00,2
2025-01-01T17:35:00+00:00,99995.00,99998.00,99991.00,99994.00,2
2025-01-01T17:36:00+00:00,99994.00,99997.00,99990.00,99993.00,2
2025-01-01T17:37:00+00:00,99993.00,99996.00,99989.00,99992.00,2
2025-01-01T17:38:00+00:00,99992.00,99995.00,99988.00,99991.00,2
2025-01-01T17:39:00+00:00,99991.00,99994.00,99987.00,99990.00,2
2025-01-01T17:40:00+00:00,99990.00,99993.00,99986.00,99989.00,2
2025-01-01T17:41:00+00:00,99989.00,99992.00,99985.00,99988.00,2
2025-01-01T17:42:00+00:00,99988.00,99991.00,99984.00,99987.00,2
2025-01-01T17:43:00+00:00,99987.00,99990.00,99983.00,99986.00,2
2025-01-01T17:44:00+00:00,99986.00,99989.00,99982.00,99985.00,2
2025-01-01T17:45:00+00:00,99985.00,99989.00,99982.00,99986.00,2
2025-01-01T17:46:00+00:00,99986.00,99990.00,99983.00,99987.00,2
2025-01-01T17:47:00+00:00,99987.00,99991.00,99984.00,99988.00,2
2025-01-01T17:48:00+00:00,99988.00,99992.00,99985.00,99989.00,2
2025-01-01T17:49:00+00:00,99989.00,99993.00,99986.00,99990.00,2
2025-01-01T17:50:00+00:00,99990.00,99994.00,99987.00,99991.00,2
2025-01-01T17:51:00+00:00,99991.00,99995.00,99988.00,99992.00,2
2025-01-01T17:52:00+00:00,99992.00,99996.00,99989.00,99993.00,2
2025-01-01T17:53:00+00:00,99993.00,99997.00,99990.00,99994.00,2
2025-01-01T17:54:00+00:00,99994.00,99998.00,99991.00,99995.00,2
2025-01-01T17:55:00+00:00,99995.00,99999.00,99992.00,99996.00,2
2025-01-01T17:56:00+00:00,99996.00,100000.00,99993.00,99997.00,2
2025-01-01T17:57:00+00:00,99997.00,100001.00,99994.00,99998.00,2
2025-01-01T17:58:00+00:00,99998.00,100002.00,99995.00,99999.00,2
2025-01-01T17:59:00+00:00,99999.00,100003.00,99996.00,100000.00,2
2025-01-01T18:00:00+00:00,100000.00,100003.00,99996.00,99999.00,2
2025-01-01T18:01:00+00:00,99999.00,100002.00,99995.00,99998.00,2
2025-01-01T18:02:00+00:00,99998.00,100001.00,99994.00,99997.00,2
2025-01-01T18:03:00+00:00,99997.00,100000.00,99993.00,99996.00,2
2025-01-01T18:04:00+00:00,99996.00,99999.00,99992.00,99995.00,2
2025-01-01T18:05:00+00:00,99995.00,99998.00,99991.00,99994.00,2
2025-01-01T18:06:00+00:00,99994.00,99997.00,99990.00,99993.00,2
2025-01-01T18:07:00+00:00,99993.00,99996.00,99989.00,99992.00,2
2025-01-01T18:08:00+00:00,99992.00,99995.00,99988.00,99991.00,2
2025-01-01T18:09:00+00:00,99991.00,99994.00,99987.00,99990.00,2
2025-01-01T18:10:00+00:00,99990.00,99993.00,99986.00,99989.00,2
2025-01-01T18:11:00+00:00,99989.00,99992.00,99985.00,99988.00,2
2025-01-01T18:12:00+00:00,99988.00,99991.00,99984.00,99987.00,2
2025-01-01T18:13:00+00:00,99987.00,99990.00,99983.00,99986.00,2
2025-01-01T18:14:00+00:00,99986.00,99989.00,99982.00,99985.00,2
2025-01-01T18:15:00+00:00,99985.00,99989.00,99982.00,99986.00,2
2025-01-01T18:16:00+00:00,99986.00,99990.00,99983.00,99987.00,2
2025-01-01T18:17:00+00:00,99987.00,99991.00,99984.00,99988.00,2
2025-01-01T18:18:00+00:00,99988.00,99992.00,99985.00,99989.00,2
2025-01-01T18:19:00+00:00,99989.00,99993.00,99986.00,99990.00,2
2025-01-01T18:20:00+00:00,99990.00,99994.00,99987.00,99991.00,2
2025-01-01T18:21:00+00:00,99991.00,99995.00,99988.00,99992.00,2
2025-01-01T18:22:00+00:00,99992.00,99996.00,99989.00,99993.00,2
2025-01-01T18:23:00+00:00,99993.00,99997.00,99990.00,99994.00,2
2025-01-01T18:24:00+00:00,99994.00,99998.00,99991.00,99995.00,2
2025-01-01T18:25:00+00:00,99995.00,99999.00,99992.00,99996.00,2
2025-01-01T18:26:00+00:00,99996.00,100000.00,99993.00,99997.00,2
2025-01-01T18:27:00+00:00,99997.00,100001.00,99994.00,99998.00,2
2025-01-01T18:28:00+00:00,99998.00,100002.00,99995.00,99999.00,2
2025-01-01T18:29:00+00:00,99999.00,100003.00,99996.00,100000.00,2
2025-01-01T18:30:00+00:00,100000.00,100003.00,99996.00,99999.00,2
2025-01-01T18:31:00+00:00,99999.00,100002.00,99995.00,99998.00,2
2025-01-01T18:32:00+00:00,99998.00,100001.00,99994.00,99997.00,2
2025-01-01T18:33:00+00:00,99997.00,100000.00,99993.00,99996.00,2
2025-01-01T18:34:00+00:00,99996.00,99999.00,99992.00,99995.00,2
2025-01-01T18:35:00+00:00,99995.00,99998.00,99991.00,99994.00,2
2025-01-01T18:36:00+00:00,99994.00,99997.00,99990.00,99993.00,2
2025-01-01T18:37:00+00:00,99993.00,99996.00,99989.00,99992.00,2
2025-01-01T18:38:00+00:00,99992.00,99995.00,99988.00,99991.00,2
2025-01-01T18:39:00+00:00,99991.00,99994.00,99987.00,99990.00,2
2025-01-01T18:40:00+00:00,99990.00,99993.00,99986.00,99989.00,2
2025-01-01T18:41:00+00:00,99989.00,99992.00,99985.00,99988.00,2
2025-01-01T18:42:00+00:00,99988.00,99991.00,99984.00,99987.00,2
2025-01-01T18:43:00+00:00,99987.00,99990.00,99983.00,99986.00,2
2025-01-01T18:44:00+00:00,99986.00,99989.00,99982.00,99985.00,2
2025-01-01T18:45:00+00:00,99985.00,99989.00,99982.00,99986.00,2
2025-01-01T18:46:00+00:00,99986.00,99990.00,99983.00,99987.00,2
2025-01-01T18:47:00+00:00,99987.00,99991.00,99984.00,99988.00,2
2025-01-01T18:48:00+00:00,99988.00,99992.00,99985.00,99989.00,2
2025-01-01T18:49:00+00:00,99989.00,99993.00,99986.00,99990.00,2
2025-01-01T18:50:00+00:00,99990.00,99994.00,99987.00,99991.00,2
2025-01-01T18:51:00+00:00,99991.00,99995.00,99988.00,99992.00,2
2025-01-01T18:52:00+00:00,99992.00,99996.00,99989.00,99993.00,2
2025-01-01T18:53:00+00:00,99993.00,99997.00,99990.00,99994.00,2
2025-01-01T18:54:00+00:00,99994.00,99998.00,99991.00,99995.00,2
2025-01-01T18:55:00+00:00,99995.00,99999.00,99992.00,99996.00,2
2025-01-01T18:56:00+00:00,99996.00,100000.00,99993.00,99997.00,2
2025-01-01T18:57:00+00:00,99997.00,100001.00,99994.00,99998.00,2
2025-01-01T18:58:00+00:00,99998.00,100002.00,99995.00,99999.00,2
2025-01-01T18:59:00+00:00,99999.00,100003.00,99996.00,100000.00,2
2025-01-01T19:00:00+00:00,100000.00,100003.00,99996.00,99999.00,2
2025-01-01T19:01:00+00:00,99999.00,100002.00,99995.00,99998.00,2
2025-01-01T19:02:00+00:00,99998.00,100001.00,99994.00,99997.00,2
2025-01-01T19:03:00+00:00,99997.00,100000.00,99993.00,99996.00,2
2025-01-01T19:04:00+00:00,99996.00,99999.00,99992.00,99995.00,2
2025-01-01T19:05:00+00:00,99995.00,99998.00,99991.00,99994.00,2
2025-01-01T19:06:00+00:00,99994.00,99997.00,99990.00,99993.00,2
2025-01-01T19:07:00+00:00,99993.00,99996.00,99989.00,99992.00,2
2025-01-01T19:08:00+00:00,99992.00,99995.00,99988.00,99991.00,2
2025-01-01T19:09:00+00:00,99991.00,99994.00,99987.00,99990.00,2
2025-01-01T19:10:00+00:00,99990.00,99993.00,99986.00,99989.00,2
2025-01-01T19:11:00+00:00,99989.00,99992.00,99985.00,99988.00,2
2025-01-01T19:12:00+00:00,99988.00,99991.00,99984.00,99987.00,2
2025-01-01T19:13:00+00:00,99987.00,99990.00,99983.00,99986.00,2
2025-01-01T19:14:00+00:00,99986.00,99989.00,99982.00,99985.00,2
2025-01-01T19:15:00+00:00,99985.00,99989.00,99982.00,99986.00,2
2025-01-01T19:16:00+00:00,99986.00,99990.00,99983.00,99987.00,2
2025-01-01T19:17:00+00:00,99987.00,99991.00,99984.00,99988.00,2
2025-01-01T19:18:00+00:00,99988.00,99992.00,99985.00,99989.00,2
2025-01-01T19:19:00+00:00,99989.00,99993.00,99986.00,99990.00,2
2025-01-01T19:20:00+00:00,99990.00,99994.00,99987.00,99991.00,2
2025-01-01T19:21:00+00:00,99991.00,99995.00,99988.00,99992.00,2
2025-01-01T19:22:00+00:00,99992.00,99996.00,99989.00,99993.00,2
2025-01-01T19:23:00+00:00,99993.00,99997.00,99990.00,99994.00,2
2025-01-01T19:24:00+00:00,99994.00,99998.00,99991.00,99995.00,2
2025-01-01T19:25:00+00:00,99995.00,99999.00,99992.00,99996.00,2
2025-01-01T19:26:00+00:00,99996.00,100000.00,99993.00,99997.00,2
2025-01-01T19:27:00+00:00,99997.00,100001.00,99994.00,99998.00,2
2025-01-01T19:28:00+00:00,99998.00,100002.00,99995.00,99999.00,2
2025-01-01T19:29:00+00:00,99999.00,100003.00,99996.00,100000.00,2
2025-01-01T19:30:00+00:00,100000.00,100003.00,99996.00,99999.00,2
2025-01-01T19:31:00+00:00,99999.00,100002.00,99995.00,99998.00,2
2025-01-01T19:32:00+00:00,99998.00,100001.00,99994.00,99997.00,2
2025-01-01T19:33:00+00:00,99997.00,100000.00,99993.00,99996.00,2
2025-01-01T19:34:00+00:00,99996.00,99999.00,99992.00,99995.00,2
2025-01-01T19:35:00+00:00,99995.00,99998.00,99991.00,99994.00,2
2025-01-01T19:36:00+00:00,99994.00,99997.00,99990.00,99993.00,2
2025-01-01T19:37:00+00:00,99993.00,99996.00,99989.00,99992.00,2
2025-01-01T19:38:00+00:00,99992.00,99995.00,99988.00,99991.00,2
2025-01-01T19:39:00+00:00,99991.00,99994.00,99987.00,99990.00,2
2025-01-01T19:40:00+00:00,99990.00,99993.00,99986.00,99989.00,2
2025-01-01T19:41:00+00:00,99989.00,99992.00,99985.00,99988.00,2
2025-01-01T19:42:00+00:00,99988.00,99991.00,99984.00,99987.00,2
2025-01-01T19:43:00+00:00,99987.00,99990.00,99983.00,99986.00,2
2025-01-01T19:44:00+00:00,99986.00,99989.00,99982.00,99985.00,2
2025-01-01T19:45:00+00:00,99985.00,99989.00,99982.00,99986.00,2
2025-01-01T19:46:00+00:00,99986.00,99990.00,99983.00,99987.00,2
2025-01-01T19:47:00+00:00,99987.00,99991.00,99984.00,99988.00,2
2025-01-01T19:48:00+00:00,99988.00,99992.00,99985.00,99989.00,2
2025-01-01T19:49:00+00:00,99989.00,99993.00,99986.00,99990.00,2
2025-01-01T19:50:00+00:00,99990.00,99994.00,99987.00,99991.00,2
2025-01-01T19:51:00+00:00,99991.00,99995.00,99988.00,99992.00,2
2025-01-01T19:52:00+00:00,99992.00,99996.00,99989.00,99993.00,2
2025-01-01T19:53:00+00:00,99993.00,99997.00,99990.00,99994.00,2
2025-01-01T19:54:00+00:00,99994.00,99998.00,99991.00,99995.00,2
2025-01-01T19:55:00+00:00,99995.00,99999.00,99992.00,99996.00,2
2025-01-01T19:56:00+00:00,99996.00,100000.00,99993.00,99997.00,2
2025-01-01T19:57:00+00:00,99997.00,100001.00,99994.00,99998.00,2
2025-01-01T19:58:00+00:00,99998.00,100002.00,99995.00,99999.00,2
2025-01-01T19:59:00+00:00,99999.00,100003.00,99996.00,100000.00,2
2025-01-01T20:00:00+00:00,100000.00,100003.00,99996.00,99999.00,2
2025-01-01T20:01:00+00:00,99999.00,100002.00,99995.00,99998.00,2
2025-01-01T20:02:00+00:00,99998.00,100001.00,99994.00,99997.00,2
2025-01-01T20:03:00+00:00,99997.00,100000.00,99993.00,99996.00,2
2025-01-01T20:04:00+00:00,99996.00,99999.00,99992.00,99995.00,2
2025-01-01T20:05:00+00:00,99995.00,99998.00,99991.00,99994.00,2
2025-01-01T20:06:00+00:00,99994.00,99997.00,99990.00,99993.00,2
2025-01-01T20:07:00+00:00,99993.00,99996.00,99989.00,99992.00,2
2025-01-01T20:08:00+00:00,99992.00,99995.00,99988.00,99991.00,2
2025-01-01T20:09:00+00:00,99991.00,99994.00,99987.00,99990.00,2
2025-01-01T20:10:00+00:00,99990.00,99993.00,99986.00,99989.00,2
2025-01-01T20:11:00+00:00,99989.00,99992.00,99985.00,99988.00,2
2025-01-01T20:12:00+00:00,99988.00,99991.00,99984.00,99987.00,2
2025-01-01T20:13:00+00:00,99987.00,99990.00,99983.00,99986.00,2
2025-01-01T20:14:00+00:00,99986.00,99989.00,99982.00,99985.00,2
2025-01-01T20:15:00+00:00,99985.00,99989.00,99982.00,99986.00,2
2025-01-01T20:16:00+00:00,99986.00,99990.00,99983.00,99987.00,2
2025-01-01T20:17:00+00:00,99987.00,99991.00,99984.00,99988.00,2
2025-01-01T20:18:00+00:00,99988.00,99992.00,99985.00,99989.00,2
2025-01-01T20:19:00+00:00,99989.00,99993.00,99986.00,99990.00,2
2025-01-01T20:20:00+00:00,99990.00,99994.00,99987.00,99991.00,2
2025-01-01T20:21:00+00:00,99991.00,99995.00,99988.00,99992.00,2
2025-01-01T20:22:00+00:00,99992.00,99996.00,99989.00,99993.00,2
2025-01-01T20:23:00+00:00,99993.00,99997.00,99990.00,99994.00,2
2025-01-01T20:24:00+00:00,99994.00,99998.00,99991.00,99995.00,2
2025-01-01T20:25:00+00:00,99995.00,99999.00,99992.00,99996.00,2
2025-01-01T20:26:00+00:00,99996.00,100000.00,99993.00,99997.00,2
2025-01-01T20:27:00+00:00,99997.00,100001.00,99994.00,99998.00,2
2025-01-01T20:28:00+00:00,99998.00,100002.00,99995.00,99999.00,2
2025-01-01T20:29:00+00:00,99999.00,100003.00,99996.00,100000.00,2
2025-01-01T20:30:00+00:00,100000.00,100003.00,99996.00,99999.00,2
2025-01-01T20:31:00+00:00,99999.00,100002.00,99995.00,99998.00,2
2025-01-01T20:32:00+00:00,99998.00,100001.00,99994.00,99997.00,2
2025-01-01T20:33:00+00:00,99997.00,100000.00,99993.00,99996.00,2
2025-01-01T20:34:00+00:00,99996.00,99999.00,99992.00,99995.00,2
2025-01-01T20:35:00+00:00,99995.00,99998.00,99991.00,99994.00,2
2025-01-01T20:36:00+00:00,99994.00,99997.00,99990.00,99993.00,2
2025-01-01T20:37:00+00:00,99993.00,99996.00,99989.00,99992.00,2
2025-01-01T20:38:00+00:00,99992.00,99995.00,99988.00,99991.00,2
2025-01-01T20:39:00+00:00,99991.00,99994.00,99987.00,99990.00,2
2025-01-01T20:40:00+00:00,99990.00,99993.00,99986.00,99989.00,2
2025-01-01T20:41:00+00:00,99989.00,99992.00,99985.00,99988.00,2
2025-01-01T20:42:00+00:00,99988.00,99991.00,99984.00,99987.00,2
2025-01-01T20:43:00+00:00,99987.00,99990.00,99983.00,99986.00,2
2025-01-01T20:44:00+00:00,99986.00,99989.00,99982.00,99985.00,2
2025-01-01T20:45:00+00:00,99985.00,99989.00,99982.00,99986.00,2
2025-01-01T20:46:00+00:00,99986.00,99990.00,99983.00,99987.00,2
2025-01-01T20:47:00+00:00,99987.00,99991.00,99984.00,99988.00,2
2025-01-01T20:48:00+00:00,99988.00,99992.00,99985.00,99989.00,2
2025-01-01T20:49:00+00:00,99989.00,99993.00,99986.00,99990.00,2
2025-01-01T20:50:00+00:00,99990.00,99994.00,99987.00,99991.00,2
2025-01-01T20:51:00+00:00,99991.00,99995.00,99988.00,99992.00,2
2025-01-01T20:52:00+00:00,99992.00,99996.00,99989.00,99993.00,2
2025-01-01T20:53:00+00:00,99993.00,99997.00,99990.00,99994.00,2
2025-01-01T20:54:00+00:00,99994.00,99998.00,99991.00,99995.00,2
2025-01-01T20:55:00+00:00,99995.00,99999.00,99992.00,99996.00,2
2025-01-01T20:56:00+00:00,99996.00,100000.00,99993.00,99997.00,2
2025-01-01T20:57:00+00:00,99997.00,100001.00,99994.00,99998.00,2
2025-01-01T20:58:00+00:00,99998.00,100002.00,99995.00,99999.00,2
2025-01-01T20:59:00+00:00,99999.00,100003.00,99996.00,100000.00,2
2025-01-01T21:00:00+00:00,100000.00,100003.00,99996.00,99999.00,2
2025-01-01T21:01:00+00:00,99999.00,100002.00,99995.00,99998.00,2
2025-01-01T21:02:00+00:00,99998.00,100001.00,99994.00,99997.00,2
2025-01-01T21:03:00+00:00,99997.00,100000.00,99993.00,99996.00,2
2025-01-01T21:04:00+00:00,99996.00,99999.00,99992.00,99995.00,2
2025-01-01T21:05:00+00:00,99995.00,99998.00,99991.00,99994.00,2
2025-01-01T21:06:00+00:00,99994.00,99997.00,99990.00,99993.00,2
2025-01-01T21:07:00+00:00,99993.00,99996.00,99989.00,99992.00,2
2025-01-01T21:08:00+00:00,99992.00,99995.00,99988.00,99991.00,2
2025-01-01T21:09:00+00:00,99991.00,99994.00,99987.00,99990.00,2
2025-01-01T21:10:00+00:00,99990.00,99993.00,99986.00,99989.00,2
2025-01-01T21:11:00+00:00,99989.00,99992.00,99985.00,99988.00,2
2025-01-01T21:12:00+00:00,99988.00,99991.00,99984.00,99987.00,2
2025-01-01T21:13:00+00:00,99987.00,99990.00,99983.00,99986.00,2
2025-01-01T21:14:00+00:00,99986.00,99989.00,99982.00,99985.00,2
2025-01-01T21:15:00+00:00,99985.00,99989.00,99982.00,99986.00,2
2025-01-01T21:16:00+00:00,99986.00,99990.00,99983.00,99987.00,2
2025-01-01T21:17:00+00:00,99987.00,99991.00,99984.00,99988.00,2
2025-01-01T21:18:00+00:00,99988.00,99992.00,99985.00,99989.00,2
2025-01-01T21:19:00+00:00,99989.00,99993.00,99986.00,99990.00,2
2025-01-01T21:20:00+00:00,99990.00,99994.00,99987.00,99991.00,2
2025-01-01T21:21:00+00:00,99991.00,99995.00,99988.00,99992.00,2
2025-01-01T21:22:00+00:00,99992.00,99996.00,99989.00,99993.00,2
2025-01-01T21:23:00+00:00,99993.00,99997.00,99990.00,99994.00,2
2025-01-01T21:24:00+00:00,99994.00,99998.00,99991.00,99995.00,2
2025-01-01T21:25:00+00:00,99995.00,99999.00,99992.00,99996.00,2
2025-01-01T21:26:00+00:00,99996.00,100000.00,99993.00,99997.00,2
2025-01-01T21:27:00+00:00,99997.00,100001.00,99994.00,99998.00,2
2025-01-01T21:28:00+00:00,99998.00,100002.00,99995.00,99999.00,2
2025-01-01T21:29:00+00:00,99999.00,100003.00,99996.00,100000.00,2
2025-01-01T21:30:00+00:00,100000.00,100003.00,99996.00,99999.00,2
2025-01-01T21:31:00+00:00,99999.00,100002.00,99995.00,99998.00,2
2025-01-01T21:32:00+00:00,99998.00,100001.00,99994.00,99997.00,2
2025-01-01T21:33:00+00:00,99997.00,100000.00,99993.00,99996.00,2
2025-01-01T21:34:00+00:00,99996.00,99999.00,99992.00,99995.00,2
2025-01-01T21:35:00+00:00,99995.00,99998.00,99991.00,99994.00,2
2025-01-01T21:36:00+00:00,99994.00,99997.00,99990.00,99993.00,2
2025-01-01T21:37:00+00:00,99993.00,99996.00,99989.00,99992.00,2
2025-01-01T21:38:00+00:00,99992.00,99995.00,99988.00,99991.00,2
2025-01-01T21:39:00+00:00,99991.00,99994.00,99987.00,99990.00,2
2025-01-01T21:40:00+00:00,99990.00,99993.00,99986.00,99989.00,2
2025-01-01T21:41:00+00:00,99989.00,99992.00,99985.00,99988.00,2
2025-01-01T21:42:00+00:00,99988.00,99991.00,99984.00,99987.00,2
2025-01-01T21:43:00+00:00,99987.00,99990.00,99983.00,99986.00,2
2025-01-01T21:44:00+00:00,99986.00,99989.00,99982.00,99985.00,2
2025-01-01T21:45:00+00:00,99985.00,99989.00,99982.00,99986.00,2
2025-01-01T21:46:00+00:00,99986.00,99990.00,99983.00,99987.00,2
2025-01-01T21:47:00+00:00,99987.00,99991.00,99984.00,99988.00,2
2025-01-01T21:48:00+00:00,99988.00,99992.00,99985.00,99989.00,2
2025-01-01T21:49:00+00:00,99989.00,99993.00,99986.00,99990.00,2
2025-01-01T21:50:00+00:00,99990.00,99994.00,99987.00,99991.00,2
2025-01-01T21:51:00+00:00,99991.00,99995.00,99988.00,99992.00,2
2025-01-01T21:52:00+00:00,99992.00,99996.00,99989.00,99993.00,2
2025-01-01T21:53:00+00:00,99993.00,99997.00,99990.00,99994.00,2
2025-01-01T21:54:00+00:00,99994.00,99998.00,99991.00,99995.00,2
2025-01-01T21:55:00+00:00,99995.00,99999.00,99992.00,99996.00,2
2025-01-01T21:56:00+00:00,99996.00,100000.00,99993.00,99997.00,2
2025-01-01T21:57:00+00:00,99997.00,100001.00,99994.00,99998.00,2
2025-01-01T21:58:00+00:00,99998.00,100002.00,99995.00,99999.00,2
2025-01-01T21:59:00+00:00,99999.00,100003.00,99996.00,100000.00,2
2025-01-01T22:00:00+00:00,100000.00,100003.00,99996.00,99999.00,2
2025-01-01T22:01:00+00:00,99999.00,100002.00,99995.00,99998.00,2
2025-01-01T22:02:00+00:00,99998.00,100001.00,99994.00,99997.00,2
2025-01-01T22:03:00+00:00,99997.00,100000.00,99993.00,99996.00,2
2025-01-01T22:04:00+00:00,99996.00,99999.00,99992.00,99995.00,2
2025-01-01T22:05:00+00:00,99995.00,99998.00,99991.00,99994.00,2
2025-01-01T22:06:00+00:00,99994.00,99997.00,99990.00,99993.00,2
2025-01-01T22:07:00+00:00,99993.00,99996.00,99989.00,99992.00,2
2025-01-01T22:08:00+00:00,99992.00,99995.00,99988.00,99991.00,2
2025-01-01T22:09:00+00:00,99991.00,99994.00,99987.00,99990.00,2
2025-01-01T22:10:00+00:00,99990.00,99993.00,99986.00,99989.00,2
2025-01-01T22:11:00+00:00,99989.00,99992.00,99985.00,99988.00,2
2025-01-01T22:12:00+00:00,99988.00,99991.00,99984.00,99987.00,2
2025-01-01T22:13:00+00:00,99987.00,99990.00,99983.00,99986.00,2
2025-01-01T22:14:00+00:00,99986.00,99989.00,99982.00,99985.00,2
2025-01-01T22:15:00+00:00,99985.00,99989.00,99982.00,99986.00,2
2025-01-01T22:16:00+00:00,99986.00,99990.00,99983.00,99987.00,2
2025-01-01T22:17:00+00:00,99987.00,99991.00,99984.00,99988.00,2
2025-01-01T22:18:00+00:00,99988.00,99992.00,99985.00,99989.00,2
2025-01-01T22:19:00+00:00,99989.00,99993.00,99986.00,99990.00,2
2025-01-01T22:20:00+00:00,99990.00,99994.00,99987.00,99991.00,2
2025-01-01T22:21:00+00:00,99991.00,99995.00,99988.00,99992.00,2
2025-01-01T22:22:00+00:00,99992.00,99996.00,99989.00,99993.00,2
2025-01-01T22:23:00+00:00,99993.00,99997.00,99990.00,99994.00,2
2025-01-01T22:24:00+00:00,99994.00,99998.00,99991.00,99995.00,2
2025-01-01T22:25:00+00:00,99995.00,99999.00,99992.00,99996.00,2
2025-01-01T22:26:00+00:00,99996.00,100000.00,99993.00,99997.00,2
2025-01-01T22:27:00+00:00,99997.00,100001.00,99994.00,99998.00,2
2025-01-01T22:28:00+00:00,99998.00,100002.00,99995.00,99999.00,2
2025-01-01T22:29:00+00:00,99999.00,100003.00,99996.00,100000.00,2
2025-01-01T22:30:00+00:00,100000.00,100003.00,99996.00,99999.00,2
2025-01-01T22:31:00+00:00,99999.00,100002.00,99995.00,99998.00,2
2025-01-01T22:32:00+00:00,99998.00,100001.00,99994.00,99997.00,2
2025-01-01T22:33:00+00:00,99997.00,100000.00,99993.00,99996.00,2
2025-01-01T22:34:00+00:00,99996.00,99999.00,99992.00,99995.00,2
2025-01-01T22:35:00+00:00,99995.00,99998.00,99991.00,99994.00,2
2025-01-01T22:36:00+00:00,99994.00,99997.00,99990.00,99993.00,2
2025-01-01T22:37:00+00:00,99993.00,99996.00,99989.00,99992.00,2
2025-01-01T22:38:00+00:00,99992.00,99995.00,99988.00,99991.00,2
2025-01-01T22:39:00+00:00,99991.00,99994.00,99987.00,99990.00,2
2025-01-01T22:40:00+00:00,99990.00,99993.00,99986.00,99989.00,2
2025-01-01T22:41:00+00:00,99989.00,99992.00,99985.00,99988.00,2
2025-01-01T22:42:00+00:00,99988.00,99991.00,99984.00,99987.00,2
2025-01-01T22:43:00+00:00,99987.00,99990.00,99983.00,99986.00,2
2025-01-01T22:44:00+00:00,99986.00,99989.00,99982.00,99985.00,2
2025-01-01T22:45:00+00:00,99985.00,99989.00,99982.00,99986.00,2
2025-01-01T22:46:00+00:00,99986.00,99990.00,99983.00,99987.00,2
2025-01-01T22:47:00+00:00,99987.00,99991.00,99984.00,99988.00,2
2025-01-01T22:48:00+00:00,99988.00,99992.00,99985.00,99989.00,2
2025-01-01T22:49:00+00:00,99989.00,99993.00,99986.00,99990.00,2
2025-01-01T22:50:00+00:00,99990.00,99994.00,99987.00,99991.00,2
2025-01-01T22:51:00+00:00,99991.00,99995.00,99988.00,99992.00,2
2025-01-01T22:52:00+00:00,99992.00,99996.00,99989.00,99993.00,2
2025-01-01T22:53:00+00:00,99993.00,99997.00,99990.00,99994.00,2
2025-01-01T22:54:00+00:00,99994.00,99998.00,99991.00,99995.00,2
2025-01-01T22:55:00+00:00,99995.00,99999.00,99992.00,99996.00,2
2025-01-01T22:56:00+00:00,99996.00,100000.00,99993.00,99997.00,2
2025-01-01T22:57:00+00:00,99997.00,100001.00,99994.00,99998.00,2
2025-01-01T22:58:00+00:00,99998.00,100002.00,99995.00,99999.00,2
2025-01-01T22:59:00+00:00,99999.00,100003.00,99996.00,100000.00,2
2025-01-01T23:00:00+00:00,100000.00,100003.00,99996.00,99999.00,2
2025-01-01T23:01:00+00:00,99999.00,100002.00,99995.00,99998.00,2
2025-01-01T23:02:00+00:00,99998.00,100001.00,99994.00,99997.00,2
2025-01-01T23:03:00+00:00,99997.00,100000.00,99993.00,99996.00,2
2025-01-01T23:04:00+00:00,99996.00,99999.00,99992.00,99995.00,2
2025-01-01T23:05:00+00:00,99995.00,99998.00,99991.00,99994.00,2
2025-01-01T23:06:00+00:00,99994.00,99997.00,99990.00,99993.00,2
2025-01-01T23:07:00+00:00,99993.00,99996.00,99989.00,99992.00,2
2025-01-01T23:08:00+00:00,99992.00,99995.00,99988.00,99991.00,2
2025-01-01T23:09:00+00:00,99991.00,99994.00,99987.00,99990.00,2
2025-01-01T23:10:00+00:00,99990.00,99993.00,99986.00,99989.00,2
2025-01-01T23:11:00+00:00,99989.00,99992.00,99985.00,99988.00,2
2025-01-01T23:12:00+00:00,99988.00,99991.00,99984.00,99987.00,2
2025-01-01T23:13:00+00:00,99987.00,99990.00,99983.00,99986.00,2
2025-01-01T23:14:00+00:00,99986.00,99989.00,99982.00,99985.00,2
2025-01-01T23:15:00+00:00,99985.00,99989.00,99982.00,99986.00,2
2025-01-01T23:16:00+00:00,99986.00,99990.00,99983.00,99987.00,2
2025-01-01T23:17:00+00:00,99987.00,99991.00,99984.00,99988.00,2
2025-01-01T23:18:00+00:00,99988.00,99992.00,99985.00,99989.00,2
2025-01-01T23:19:00+00:00,99989.00,99993.00,99986.00,99990.00,2
2025-01-01T23:20:00+00:00,99990.00,99994.00,99987.00,99991.00,2
2025-01-01T23:21:00+00:00,99991.00,99995.00,99988.00,99992.00,2
2025-01-01T23:22:00+00:00,99992.00,99996.00,99989.00,99993.00,2
2025-01-01T23:23:00+00:00,99993.00,99997.00,99990.00,99994.00,2
2025-01-01T23:24:00+00:00,99994.00,99998.00,99991.00,99995.00,2
2025-01-01T23:25:00+00:00,99995.00,99999.00,99992.00,99996.00,2
2025-01-01T23:26:00+00:00,99996.00,100000.00,99993.00,99997.00,2
2025-01-01T23:27:00+00:00,99997.00,100001.00,99994.00,99998.00,2
2025-01-01T23:28:00+00:00,99998.00,100002.00,99995.00,99999.00,2
2025-01-01T23:29:00+00:00,99999.00,100003.00,99996.00,100000.00,2
2025-01-01T23:30:00+00:00,100000.00,100003.00,99996.00,99999.00,2
2025-01-01T23:31:00+00:00,99999.00,100002.00,99995.00,99998.00,2
2025-01-01T23:32:00+00:00,99998.00,100001.00,99994.00,99997.00,2
2025-01-01T23:33:00+00:00,99997.00,100000.00,99993.00,99996.00,2
2025-01-01T23:34:00+00:00,99996.00,99999.00,99992.00,99995.00,2
2025-01-01T23:35:00+00:00,99995.00,99998.00,99991.00,99994.00,2
2025-01-01T23:36:00+00:00,99994.00,99997.00,99990.00,99993.00,2
2025-01-01T23:37:00+00:00,99993.00,99996.00,99989.00,99992.00,2
2025-01-01T23:38:00+00:00,99992.00,99995.00,99988.00,99991.00,2
2025-01-01T23:39:00+00:00,99991.00,99994.00,99987.00,99990.00,2
2025-01-01T23:40:00+00:00,99990.00,99993.00,99986.00,99989.00,2
2025-01-01T23:41:00+00:00,99989.00,99992.00,99985.00,99988.00,2
2025-01-01T23:42:00+00:00,99988.00,99991.00,99984.00,99987.00,2
2025-01-01T23:43:00+00:00,99987.00,99990.00,99983.00,99986.00,2
2025-01-01T23:44:00+00:00,99986.00,99989.00,99982.00,99985.00,2
2025-01-01T23:45:00+00:00,99985.00,99989.00,99982.00,99986.00,2
2025-01-01T23:46:00+00:00,99986.00,99990.00,99983.00,99987.00,2
2025-01-01T23:47:00+00:00,99987.00,99991.00,99984.00,99988.00,2
2025-01-01T23:48:00+00:00,99988.00,99992.00,99985.00,99989.00,2
2025-01-01T23:49:00+00:00,99989.00,99993.00,99986.00,99990.00,2
2025-01-01T23:50:00+00:00,99990.00,99994.00,99987.00,99991.00,2
2025-01-01T23:51:00+00:00,99991.00,99995.00,99988.00,99992.00,2
2025-01-01T23:52:00+00:00,99992.00,99996.00,99989.00,99993.00,2
2025-01-01T23:53:00+00:00,99993.00,99997.00,99990.00,99994.00,2
2025-01-01T23:54:00+00:00,99994.00,99998.00,99991.00,99995.00,2
2025-01-01T23:55:00+00:00,99995.00,99999.00,99992.00,99996.00,2
2025-01-01T23:56:00+00:00,99996.00,100000.00,99993.00,99997.00,2
2025-01-01T23:57:00+00:00,99997.00,100001.00,99994.00,99998.00,2
2025-01-01T23:58:00+00:00,99998.00,100002.00,99995.00,99999.00,2
2025-01-01T23:59:00+00:00,99999.00,100003.00,99996.00,100000.00,2
2025-01-02T00:00:00+00:00,100000.00,100023.00,99997.00,100020.00,5
2025-01-02T00:01:00+00:00,100020.00,100043.00,100017.00,100040.00,5
2025-01-02T00:02:00+00:00,100040.00,100063.01,100037.00,100060.01,5
2025-01-02T00:03:00+00:00,100060.01,100083.02,100057.01,100080.02,5
2025-01-02T00:04:00+00:00,100080.02,100103.04,100077.02,100100.04,5
2025-01-02T00:05:00+00:00,100100.04,100123.06,100097.04,100120.06,5
2025-01-02T00:06:00+00:00,100120.06,100143.08,100117.06,100140.08,5
2025-01-02T00:07:00+00:00,100140.08,100163.11,100137.08,100160.11,5
2025-01-02T00:08:00+00:00,100160.11,100183.14,100157.11,100180.14,5
2025-01-02T00:09:00+00:00,100180.14,100203.18,100177.14,100200.18,5
2025-01-02T00:10:00+00:00,100200.18,100223.22,100197.18,100220.22,5
2025-01-02T00:11:00+00:00,100220.22,100243.26,100217.22,100240.26,5
2025-01-02T00:12:00+00:00,100240.26,100263.31,100237.26,100260.31,5
2025-01-02T00:13:00+00:00,100260.31,100283.36,100257.31,100280.36,5
2025-01-02T00:14:00+00:00,100280.36,100303.42,100277.36,100300.42,5
2025-01-02T00:15:00+00:00,100300.42,100323.48,100297.42,100320.48,5
2025-01-02T00:16:00+00:00,100320.48,100343.54,100317.48,100340.54,5
2025-01-02T00:17:00+00:00,100340.54,100363.61,100337.54,100360.61,5
2025-01-02T00:18:00+00:00,100360.61,100383.68,100357.61,100380.68,5
2025-01-02T00:19:00+00:00,100380.68,100403.76,100377.68,100400.76,5
2025-01-02T00:20:00+00:00,100400.76,100423.84,100397.76,100420.84,5
2025-01-02T00:21:00+00:00,100420.84,100443.92,100417.84,100440.92,5
2025-01-02T00:22:00+00:00,100440.92,100464.01,100437.92,100461.01,5
2025-01-02T00:23:00+00:00,100461.01,100484.10,100458.01,100481.10,5
2025-01-02T00:24:00+00:00,100481.10,100504.20,100478.10,100501.20,5
2025-01-02T00:25:00+00:00,100501.20,100524.30,100498.20,100521.30,5
2025-01-02T00:26:00+00:00,100521.30,100544.40,100518.30,100541.40,5
2025-01-02T00:27:00+00:00,100541.40,100564.51,100538.40,100561.51,5
2025-01-02T00:28:00+00:00,100561.51,100584.62,100558.51,100581.62,5
2025-01-02T00:29:00+00:00,100581.62,100604.74,100578.62,100601.74,5
2025-01-02T00:30:00+00:00,100601.74,100624.86,100598.74,100621.86,5
2025-01-02T00:31:00+00:00,100621.86,100644.98,100618.86,100641.98,5
2025-01-02T00:32:00+00:00,100641.98,100665.11,100638.98,100662.11,5
2025-01-02T00:33:00+00:00,100662.11,100685.24,100659.11,100682.24,5
2025-01-02T00:34:00+00:00,100682.24,100705.38,100679.24,100702.38,5
2025-01-02T00:35:00+00:00,100702.38,100725.52,100699.38,100722.52,5
2025-01-02T00:36:00+00:00,100722.52,100745.66,100719.52,100742.66,5
2025-01-02T00:37:00+00:00,100742.66,100765.81,100739.66,100762.81,5
2025-01-02T00:38:00+00:00,100762.81,100785.96,100759.81,100782.96,5
2025-01-02T00:39:00+00:00,100782.96,100806.12,100779.96,100803.12,5
2025-01-02T00:40:00+00:00,100803.12,100826.28,100800.12,100823.28,5
2025-01-02T00:41:00+00:00,100823.28,100846.44,100820.28,100843.44,5
2025-01-02T00:42:00+00:00,100843.44,100866.61,100840.44,100863.61,5
2025-01-02T00:43:00+00:00,100863.61,100886.78,100860.61,100883.78,5
2025-01-02T00:44:00+00:00,100883.78,100906.96,100880.78,100903.96,5
2025-01-02T00:45:00+00:00,100903.96,100927.14,100900.96,100924.14,5
2025-01-02T00:46:00+00:00,100924.14,100947.32,100921.14,100944.32,5
2025-01-02T00:47:00+00:00,100944.32,100967.51,100941.32,100964.51,5
2025-01-02T00:48:00+00:00,100964.51,100987.70,100961.51,100984.70,5
2025-01-02T00:49:00+00:00,100984.70,101007.90,100981.70,101004.90,5
2025-01-02T00:50:00+00:00,101004.90,101028.10,101001.90,101025.10,5
2025-01-02T00:51:00+00:00,101025.10,101048.31,101022.10,101045.31,5
2025-01-02T00:52:00+00:00,101045.31,101068.52,101042.31,101065.52,5
2025-01-02T00:53:00+00:00,101065.52,101088.73,101062.52,101085.73,5
2025-01-02T00:54:00+00:00,101085.73,101108.95,101082.73,101105.95,5
2025-01-02T00:55:00+00:00,101105.95,101129.17,101102.95,101126.17,5
2025-01-02T00:56:00+00:00,101126.17,101149.40,101123.17,101146.40,5
2025-01-02T00:57:00+00:00,101146.40,101169.63,101143.40,101166.63,5
2025-01-02T00:58:00+00:00,101166.63,101189.86,101163.63,101186.86,5
2025-01-02T00:59:00+00:00,101186.86,101210.10,101183.86,101207.10,5
2025-01-02T01:00:00+00:00,101207.10,101230.34,101204.10,101227.34,2
2025-01-02T01:01:00+00:00,101227.34,101250.59,101224.34,101247.59,2
2025-01-02T01:02:00+00:00,101247.59,101270.84,101244.59,101267.84,2
2025-01-02T01:03:00+00:00,101267.84,101291.09,101264.84,101288.09,2
2025-01-02T01:04:00+00:00,101288.09,101311.35,101285.09,101308.35,2
2025-01-02T01:05:00+00:00,101308.35,101331.61,101305.35,101328.61,2
2025-01-02T01:06:00+00:00,101328.61,101351.88,101325.61,101348.88,2
2025-01-02T01:07:00+00:00,101348.88,101372.15,101345.88,101369.15,2
2025-01-02T01:08:00+00:00,101369.15,101392.42,101366.15,101389.42,2
2025-01-02T01:09:00+00:00,101389.42,101412.70,101386.42,101409.70,2
2025-01-02T01:10:00+00:00,101409.70,101432.98,101406.70,101429.98,2
2025-01-02T01:11:00+00:00,101429.98,101453.27,101426.98,101450.27,2
2025-01-02T01:12:00+00:00,101450.27,101473.56,101447.27,101470.56,2
2025-01-02T01:13:00+00:00,101470.56,101493.85,101467.56,101490.85,2
2025-01-02T01:14:00+00:00,101490.85,101514.15,101487.85,101511.15,2
2025-01-02T01:15:00+00:00,101511.15,101534.45,101508.15,101531.45,2
2025-01-02T01:16:00+00:00,101531.45,101554.76,101528.45,101551.76,2
2025-01-02T01:17:00+00:00,101551.76,101575.07,101548.76,101572.07,2
2025-01-02T01:18:00+00:00,101572.07,101595.38,101569.07,101592.38,2
2025-01-02T01:19:00+00:00,101592.38,101615.70,101589.38,101612.70,2
2025-01-02T01:20:00+00:00,101612.70,101636.02,101609.70,101633.02,2
2025-01-02T01:21:00+00:00,101633.02,101656.35,101630.02,101653.35,2
2025-01-02T01:22:00+00:00,101653.35,101676.68,101650.35,101673.68,2
2025-01-02T01:23:00+00:00,101673.68,101697.01,101670.68,101694.01,2
2025-01-02T01:24:00+00:00,101694.01,101717.35,101691.01,101714.35,2
2025-01-02T01:25:00+00:00,101714.35,101737.69,101711.35,101734.69,2
2025-01-02T01:26:00+00:00,101734.69,101758.04,101731.69,101755.04,2
2025-01-02T01:27:00+00:00,101755.04,101778.39,101752.04,101775.39,2
2025-01-02T01:28:00+00:00,101775.39,101798.75,101772.39,101795.75,2
2025-01-02T01:29:00+00:00,101795.75,101819.11,101792.75,101816.11,2
2025-01-02T01:30:00+00:00,101816.11,101839.47,101813.11,101836.47,2
2025-01-02T01:31:00+00:00,101836.47,101859.84,101833.47,101856.84,2
2025-01-02T01:32:00+00:00,101856.84,101880.21,101853.84,101877.21,2
2025-01-02T01:33:00+00:00,101877.21,101900.59,101874.21,101897.59,2
2025-01-02T01:34:00+00:00,101897.59,101920.97,101894.59,101917.97,2
2025-01-02T01:35:00+00:00,101917.97,101941.35,101914.97,101938.35,2
2025-01-02T01:36:00+00:00,101938.35,101961.74,101935.35,101958.74,2
2025-01-02T01:37:00+00:00,101958.74,101982.13,101955.74,101979.13,2
2025-01-02T01:38:00+00:00,101979.13,102002.53,101976.13,101999.53,2
2025-01-02T01:39:00+00:00,101999.53,102022.93,101996.53,102019.93,2
2025-01-02T01:40:00+00:00,102019.93,102043.33,102016.93,102040.33,2
2025-01-02T01:41:00+00:00,102040.33,102063.74,102037.33,102060.74,2
2025-01-02T01:42:00+00:00,102060.74,102084.15,102057.74,102081.15,2
2025-01-02T01:43:00+00:00,102081.15,102104.57,102078.15,102101.57,2
2025-01-02T01:44:00+00:00,102101.57,102124.99,102098.57,102121.99,2
2025-01-02T01:45:00+00:00,102121.99,102145.41,102118.99,102142.41,2
2025-01-02T01:46:00+00:00,102142.41,102165.84,102139.41,102162.84,2
2025-01-02T01:47:00+00:00,102162.84,102186.27,102159.84,102183.27,2
2025-01-02T01:48:00+00:00,102183.27,102206.71,102180.27,102203.71,2
2025-01-02T01:49:00+00:00,102203.71,102227.15,102200.71,102224.15,2
2025-01-02T01:50:00+00:00,102224.15,102247.59,102221.15,102244.59,2
2025-01-02T01:51:00+00:00,102244.59,102268.04,102241.59,102265.04,2
2025-01-02T01:52:00+00:00,102265.04,102288.49,102262.04,102285.49,2
2025-01-02T01:53:00+00:00,102285.49,102308.95,102282.49,102305.95,2
2025-01-02T01:54:00+00:00,102305.95,102329.41,102302.95,102326.41,2
2025-01-02T01:55:00+00:00,102326.41,102349.88,102323.41,102346.88,2
2025-01-02T01:56:00+00:00,102346.88,102370.35,102343.88,102367.35,2
2025-01-02T01:57:00+00:00,102367.35,102390.82,102364.35,102387.82,2
2025-01-02T01:58:00+00:00,102387.82,102411.30,102384.82,102408.30,2
2025-01-02T01:59:00+00:00,102408.30,102431.78,102405.30,102428.78,2
2025-01-02T02:00:00+00:00,102428.78,102431.78,102398.47,102401.47,5
2025-01-02T02:01:00+00:00,102401.47,102404.47,102371.16,102374.16,5
2025-01-02T02:02:00+00:00,102374.16,102377.16,102343.86,102346.86,5
2025-01-02T02:03:00+00:00,102346.86,102349.86,102316.57,102319.57,5
2025-01-02T02:04:00+00:00,102319.57,102322.57,102289.28,102292.28,5
2025-01-02T02:05:00+00:00,102292.28,102295.28,102262.00,102265.00,5
2025-01-02T02:06:00+00:00,102265.00,102268.00,102234.73,102237.73,5
2025-01-02T02:07:00+00:00,102237.73,102240.73,102207.47,102210.47,5
2025-01-02T02:08:00+00:00,102210.47,102213.47,102180.21,102183.21,5
2025-01-02T02:09:00+00:00,102183.21,102186.21,102152.96,102155.96,5
2025-01-02T02:10:00+00:00,102155.96,102158.96,102125.72,102128.72,5
2025-01-02T02:11:00+00:00,102128.72,102131.72,102098.49,102101.49,5
2025-01-02T02:12:00+00:00,102101.49,102104.49,102071.26,102074.26,5
2025-01-02T02:13:00+00:00,102074.26,102077.26,102044.04,102047.04,5
2025-01-02T02:14:00+00:00,102047.04,102050.04,102016.83,102019.83,5
2025-01-02T02:15:00+00:00,102019.83,102022.83,101989.62,101992.62,5
2025-01-02T02:16:00+00:00,101992.62,101995.62,101962.42,101965.42,5
2025-01-02T02:17:00+00:00,101965.42,101968.42,101935.23,101938.23,5
2025-01-02T02:18:00+00:00,101938.23,101941.23,101908.05,101911.05,5
2025-01-02T02:19:00+00:00,101911.05,101914.05,101880.87,101883.87,5
2025-01-02T02:20:00+00:00,101883.87,101886.87,101853.70,101856.70,5
2025-01-02T02:21:00+00:00,101856.70,101859.70,101826.54,101829.54,5
2025-01-02T02:22:00+00:00,101829.54,101832.54,101799.39,101802.39,5
2025-01-02T02:23:00+00:00,101802.39,101805.39,101772.24,101775.24,5
2025-01-02T02:24:00+00:00,101775.24,101778.24,101745.10,101748.10,5
2025-01-02T02:25:00+00:00,101748.10,101751.10,101717.97,101720.97,5
2025-01-02T02:26:00+00:00,101720.97,101723.97,101690.84,101693.84,5
2025-01-02T02:27:00+00:00,101693.84,101696.84,101663.72,101666.72,5
2025-01-02T02:28:00+00:00,101666.72,101669.72,101636.61,101639.61,5
2025-01-02T02:29:00+00:00,101639.61,101642.61,101609.51,101612.51,5
2025-01-02T02:30:00+00:00,101612.51,101615.51,101582.41,101585.41,5
2025-01-02T02:31:00+00:00,101585.41,101588.41,101555.32,101558.32,5
2025-01-02T02:32:00+00:00,101558.32,101561.32,101528.24,101531.24,5
2025-01-02T02:33:00+00:00,101531.24,101534.24,101501.17,101504.17,5
2025-01-02T02:34:00+00:00,101504.17,101507.17,101474.10,101477.10,5
2025-01-02T02:35:00+00:00,101477.10,101480.10,101447.04,101450.04,5
2025-01-02T02:36:00+00:00,101450.04,101453.04,101419.99,101422.99,5
2025-01-02T02:37:00+00:00,101422.99,101425.99,101392.94,101395.94,5
2025-01-02T02:38:00+00:00,101395.94,101398.94,101365.90,101368.90,5
2025-01-02T02:39:00+00:00,101368.90,101371.90,101338.87,101341.87,5
2025-01-02T02:40:00+00:00,101341.87,101344.87,101311.85,101314.85,5
2025-01-02T02:41:00+00:00,101314.85,101317.85,101284.83,101287.83,5
2025-01-02T02:42:00+00:00,101287.83,101290.83,101257.82,101260.82,5
2025-01-02T02:43:00+00:00,101260.82,101263.82,101230.82,101233.82,5
2025-01-02T02:44:00+00:00,101233.82,101236.82,101203.82,101206.82,5
2025-01-02T02:45:00+00:00,101206.82,101209.82,101176.83,101179.83,5
2025-01-02T02:46:00+00:00,101179.83,101182.83,101149.85,101152.85,5
2025-01-02T02:47:00+00:00,101152.85,101155.85,101122.88,101125.88,5
2025-01-02T02:48:00+00:00,101125.88,101128.88,101095.91,101098.91,5
2025-01-02T02:49:00+00:00,101098.91,101101.91,101068.95,101071.95,5
2025-01-02T02:50:00+00:00,101071.95,101074.95,101042.00,101045.00,5
2025-01-02T02:51:00+00:00,101045.00,101048.00,101015.05,101018.05,5
2025-01-02T02:52:00+00:00,101018.05,101021.05,100988.11,100991.11,5
2025-01-02T02:53:00+00:00,100991.11,100994.11,100961.18,100964.18,5
2025-01-02T02:54:00+00:00,100964.18,100967.18,100934.26,100937.26,5
2025-01-02T02:55:00+00:00,100937.26,100940.26,100907.34,100910.34,5
2025-01-02T02:56:00+00:00,100910.34,100913.34,100880.43,100883.43,5
2025-01-02T02:57:00+00:00,100883.43,100886.43,100853.53,100856.53,5
2025-01-02T02:58:00+00:00,100856.53,100859.53,100826.63,100829.63,5
2025-01-02T02:59:00+00:00,100829.63,100832.63,100799.74,100802.74,5
2025-01-02T03:00:00+00:00,100802.74,100812.46,100799.74,100809.46,2
2025-01-02T03:01:00+00:00,100809.46,100819.18,100806.46,100816.18,2
2025-01-02T03:02:00+00:00,100816.18,100825.90,100813.18,100822.90,2
2025-01-02T03:03:00+00:00,100822.90,100832.62,100819.90,100829.62,2
2025-01-02T03:04:00+00:00,100829.62,100839.34,100826.62,100836.34,2
2025-01-02T03:05:00+00:00,100836.34,100846.06,100833.34,100843.06,2
2025-01-02T03:06:00+00:00,100843.06,100852.78,100840.06,100849.78,2
2025-01-02T03:07:00+00:00,100849.78,100859.50,100846.78,100856.50,2
2025-01-02T03:08:00+00:00,100856.50,100866.22,100853.50,100863.22,2
2025-01-02T03:09:00+00:00,100863.22,100872.94,100860.22,100869.94,2
2025-01-02T03:10:00+00:00,100869.94,100879.66,100866.94,100876.66,2
2025-01-02T03:11:00+00:00,100876.66,100886.39,100873.66,100883.39,2
2025-01-02T03:12:00+00:00,100883.39,100893.12,100880.39,100890.12,2
2025-01-02T03:13:00+00:00,100890.12,100899.85,100887.12,100896.85,2
2025-01-02T03:14:00+00:00,100896.85,100906.58,100893.85,100903.58,2
2025-01-02T03:15:00+00:00,100903.58,100913.31,100900.58,100910.31,2
2025-01-02T03:16:00+00:00,100910.31,100920.04,100907.31,100917.04,2
2025-01-02T03:17:00+00:00,100917.04,100926.77,100914.04,100923.77,2
2025-01-02T03:18:00+00:00,100923.77,100933.50,100920.77,100930.50,2
2025-01-02T03:19:00+00:00,100930.50,100940.23,100927.50,100937.23,2
2025-01-02T03:20:00+00:00,100937.23,100946.96,100934.23,100943.96,2
2025-01-02T03:21:00+00:00,100943.96,100953.69,100940.96,100950.69,2
2025-01-02T03:22:00+00:00,100950.69,100960.42,100947.69,100957.42,2
2025-01-02T03:23:00+00:00,100957.42,100967.15,100954.42,100964.15,2
2025-01-02T03:24:00+00:00,100964.15,100973.88,100961.15,100970.88,2
2025-01-02T03:25:00+00:00,100970.88,100980.61,100967.88,100977.61,2
2025-01-02T03:26:00+00:00,100977.61,100987.34,100974.61,100984.34,2
2025-01-02T03:27:00+00:00,100984.34,100994.07,100981.34,100991.07,2
2025-01-02T03:28:00+00:00,100991.07,101000.80,100988.07,100997.80,2
2025-01-02T03:29:00+00:00,100997.80,101007.53,100994.80,101004.53,2
2025-01-02T03:30:00+00:00,101004.53,101014.26,101001.53,101011.26,2
2025-01-02T03:31:00+00:00,101011.26,101020.99,101008.26,101017.99,2
2025-01-02T03:32:00+00:00,101017.99,101027.72,101014.99,101024.72,2
2025-01-02T03:33:00+00:00,101024.72,101034.45,101021.72,101031.45,2
2025-01-02T03:34:00+00:00,101031.45,101041.19,101028.45,101038.19,2
2025-01-02T03:35:00+00:00,101038.19,101047.93,101035.19,101044.93,2
2025-01-02T03:36:00+00:00,101044.93,101054.67,101041.93,101051.67,2
2025-01-02T03:37:00+00:00,101051.67,101061.41,101048.67,101058.41,2
2025-01-02T03:38:00+00:00,101058.41,101068.15,101055.41,101065.15,2
2025-01-02T03:39:00+00:00,101065.15,101074.89,101062.15,101071.89,2
2025-01-02T03:40:00+00:00,101071.89,101081.63,101068.89,101078.63,2
2025-01-02T03:41:00+00:00,101078.63,101088.37,101075.63,101085.37,2
2025-01-02T03:42:00+00:00,101085.37,101095.11,101082.37,101092.11,2
2025-01-02T03:43:00+00:00,101092.11,101101.85,101089.11,101098.85,2
2025-01-02T03:44:00+00:00,101098.85,101108.59,101095.85,101105.59,2
2025-01-02T03:45:00+00:00,101105.59,101115.33,101102.59,101112.33,2
2025-01-02T03:46:00+00:00,101112.33,101122.07,101109.33,101119.07,2
2025-01-02T03:47:00+00:00,101119.07,101128.81,101116.07,101125.81,2
2025-01-02T03:48:00+00:00,101125.81,101135.55,101122.81,101132.55,2
2025-01-02T03:49:00+00:00,101132.55,101142.29,101129.55,101139.29,2
2025-01-02T03:50:00+00:00,101139.29,101149.03,101136.29,101146.03,2
2025-01-02T03:51:00+00:00,101146.03,101155.77,101143.03,101152.77,2
2025-01-02T03:52:00+00:00,101152.77,101162.51,101149.77,101159.51,2
2025-01-02T03:53:00+00:00,101159.51,101169.25,101156.51,101166.25,2
2025-01-02T03:54:00+00:00,101166.25,101175.99,101163.25,101172.99,2
2025-01-02T03:55:00+00:00,101172.99,101182.73,101169.99,101179.73,2
2025-01-02T03:56:00+00:00,101179.73,101189.48,101176.73,101186.48,2
2025-01-02T03:57:00+00:00,101186.48,101196.23,101183.48,101193.23,2
2025-01-02T03:58:00+00:00,101193.23,101202.98,101190.23,101199.98,2
2025-01-02T03:59:00+00:00,101199.98,101209.73,101196.98,101206.73,2
2025-01-02T04:00:00+00:00,101206.73,101209.73,101183.49,101186.49,5
2025-01-02T04:01:00+00:00,101186.49,101189.49,101163.25,101166.25,5
2025-01-02T04:02:00+00:00,101166.25,101169.25,101143.02,101146.02,5
2025-01-02T04:03:00+00:00,101146.02,101149.02,101122.79,101125.79,5
2025-01-02T04:04:00+00:00,101125.79,101128.79,101102.56,101105.56,5
2025-01-02T04:05:00+00:00,101105.56,101108.56,101082.34,101085.34,5
2025-01-02T04:06:00+00:00,101085.34,101088.34,101062.12,101065.12,5
2025-01-02T04:07:00+00:00,101065.12,101068.12,101041.91,101044.91,5
2025-01-02T04:08:00+00:00,101044.91,101047.91,101021.70,101024.70,5
2025-01-02T04:09:00+00:00,101024.70,101027.70,101001.50,101004.50,5
2025-01-02T04:10:00+00:00,101004.50,101007.50,100981.30,100984.30,5
2025-01-02T04:11:00+00:00,100984.30,100987.30,100961.10,100964.10,5
2025-01-02T04:12:00+00:00,100964.10,100967.10,100940.91,100943.91,5
2025-01-02T04:13:00+00:00,100943.91,100946.91,100920.72,100923.72,5
2025-01-02T04:14:00+00:00,100923.72,100926.72,100900.54,100903.54,5
2025-01-02T04:15:00+00:00,100903.54,100906.54,100880.36,100883.36,5
2025-01-02T04:16:00+00:00,100883.36,100886.36,100860.18,100863.18,5
2025-01-02T04:17:00+00:00,100863.18,100866.18,100840.01,100843.01,5
2025-01-02T04:18:00+00:00,100843.01,100846.01,100819.84,100822.84,5
2025-01-02T04:19:00+00:00,100822.84,100825.84,100799.68,100802.68,5
2025-01-02T04:20:00+00:00,100802.68,100805.68,100779.52,100782.52,5
2025-01-02T04:21:00+00:00,100782.52,100785.52,100759.36,100762.36,5
2025-01-02T04:22:00+00:00,100762.36,100765.36,100739.21,100742.21,5
2025-01-02T04:23:00+00:00,100742.21,100745.21,100719.06,100722.06,5
2025-01-02T04:24:00+00:00,100722.06,100725.06,100698.92,100701.92,5
2025-01-02T04:25:00+00:00,100701.92,100704.92,100678.78,100681.78,5
2025-01-02T04:26:00+00:00,100681.78,100684.78,100658.64,100661.64,5
2025-01-02T04:27:00+00:00,100661.64,100664.64,100638.51,100641.51,5
2025-01-02T04:28:00+00:00,100641.51,100644.51,100618.38,100621.38,5
2025-01-02T04:29:00+00:00,100621.38,100624.38,100598.26,100601.26,5
2025-01-02T04:30:00+00:00,100601.26,100604.26,100578.14,100581.14,5
2025-01-02T04:31:00+00:00,100581.14,100584.14,100558.02,100561.02,5
2025-01-02T04:32:00+00:00,100561.02,100564.02,100537.91,100540.91,5
2025-01-02T04:33:00+00:00,100540.91,100543.91,100517.80,100520.80,5
2025-01-02T04:34:00+00:00,100520.80,100523.80,100497.70,100500.70,5
2025-01-02T04:35:00+00:00,100500.70,100503.70,100477.60,100480.60,5
2025-01-02T04:36:00+00:00,100480.60,100483.60,100457.50,100460.50,5
2025-01-02T04:37:00+00:00,100460.50,100463.50,100437.41,100440.41,5
2025-01-02T04:38:00+00:00,100440.41,100443.41,100417.32,100420.32,5
2025-01-02T04:39:00+00:00,100420.32,100423.32,100397.24,100400.24,5
2025-01-02T04:40:00+00:00,100400.24,100403.24,100377.16,100380.16,5
2025-01-02T04:41:00+00:00,100380.16,100383.16,100357.08,100360.08,5
2025-01-02T04:42:00+00:00,100360.08,100363.08,100337.01,100340.01,5
2025-01-02T04:43:00+00:00,100340.01,100343.01,100316.94,100319.94,5
2025-01-02T04:44:00+00:00,100319.94,100322.94,100296.88,100299.88,5
2025-01-02T04:45:00+00:00,100299.88,100302.88,100276.82,100279.82,5
2025-01-02T04:46:00+00:00,100279.82,100282.82,100256.76,100259.76,5
2025-01-02T04:47:00+00:00,100259.76,100262.76,100236.71,100239.71,5
2025-01-02T04:48:00+00:00,100239.71,100242.71,100216.66,100219.66,5
2025-01-02T04:49:00+00:00,100219.66,100222.66,100196.62,100199.62,5
2025-01-02T04:50:00+00:00,100199.62,100202.62,100176.58,100179.58,5
2025-01-02T04:51:00+00:00,100179.58,100182.58,100156.54,100159.54,5
2025-01-02T04:52:00+00:00,100159.54,100162.54,100136.51,100139.51,5
2025-01-02T04:53:00+00:00,100139.51,100142.51,100116.48,100119.48,5
2025-01-02T04:54:00+00:00,100119.48,100122.48,100096.46,100099.46,5
2025-01-02T04:55:00+00:00,100099.46,100102.46,100076.44,100079.44,5
2025-01-02T04:56:00+00:00,100079.44,100082.44,100056.42,100059.42,5
2025-01-02T04:57:00+00:00,100059.42,100062.42,100036.41,100039.41,5
2025-01-02T04:58:00+00:00,100039.41,100042.41,100016.40,100019.40,5
2025-01-02T04:59:00+00:00,100019.40,100022.40,99996.40,99999.40,5
2025-01-02T05:00:00+00:00,99999.40,100002.40,99976.40,99979.40,2
2025-01-02T05:01:00+00:00,99979.40,99982.40,99956.40,99959.40,2
2025-01-02T05:02:00+00:00,99959.40,99962.40,99936.41,99939.41,2
2025-01-02T05:03:00+00:00,99939.41,99942.41,99916.42,99919.42,2
2025-01-02T05:04:00+00:00,99919.42,99922.42,99896.44,99899.44,2
2025-01-02T05:05:00+00:00,99899.44,99902.44,99876.46,99879.46,2
2025-01-02T05:06:00+00:00,99879.46,99882.46,99856.48,99859.48,2
2025-01-02T05:07:00+00:00,99859.48,99862.48,99836.51,99839.51,2
2025-01-02T05:08:00+00:00,99839.51,99842.51,99816.54,99819.54,2
2025-01-02T05:09:00+00:00,99819.54,99822.54,99796.58,99799.58,2
2025-01-02T05:10:00+00:00,99799.58,99802.58,99776.62,99779.62,2
2025-01-02T05:11:00+00:00,99779.62,99782.62,99756.66,99759.66,2
2025-01-02T05:12:00+00:00,99759.66,99762.66,99736.71,99739.71,2
2025-01-02T05:13:00+00:00,99739.71,99742.71,99716.76,99719.76,2
2025-01-02T05:14:00+00:00,99719.76,99722.76,99696.82,99699.82,2
2025-01-02T05:15:00+00:00,99699.82,99702.82,99676.88,99679.88,2
2025-01-02T05:16:00+00:00,99679.88,99682.88,99656.94,99659.94,2
2025-01-02T05:17:00+00:00,99659.94,99662.94,99637.01,99640.01,2
2025-01-02T05:18:00+00:00,99640.01,99643.01,99617.08,99620.08,2
2025-01-02T05:19:00+00:00,99620.08,99623.08,99597.16,99600.16,2
2025-01-02T05:20:00+00:00,99600.16,99603.16,99577.24,99580.24,2
2025-01-02T05:21:00+00:00,99580.24,99583.24,99557.32,99560.32,2
2025-01-02T05:22:00+00:00,99560.32,99563.32,99537.41,99540.41,2
2025-01-02T05:23:00+00:00,99540.41,99543.41,99517.50,99520.50,2
2025-01-02T05:24:00+00:00,99520.50,99523.50,99497.60,99500.60,2
2025-01-02T05:25:00+00:00,99500.60,99503.60,99477.70,99480.70,2
2025-01-02T05:26:00+00:00,99480.70,99483.70,99457.80,99460.80,2
2025-01-02T05:27:00+00:00,99460.80,99463.80,99437.91,99440.91,2
2025-01-02T05:28:00+00:00,99440.91,99443.91,99418.02,99421.02,2
2025-01-02T05:29:00+00:00,99421.02,99424.02,99398.14,99401.14,2
2025-01-02T05:30:00+00:00,99401.14,99404.14,99378.26,99381.26,2
2025-01-02T05:31:00+00:00,99381.26,99384.26,99358.38,99361.38,2
2025-01-02T05:32:00+00:00,99361.38,99364.38,99338.51,99341.51,2
2025-01-02T05:33:00+00:00,99341.51,99344.51,99318.64,99321.64,2
2025-01-02T05:34:00+00:00,99321.64,99324.64,99298.78,99301.78,2
2025-01-02T05:35:00+00:00,99301.78,99304.78,99278.92,99281.92,2
2025-01-02T05:36:00+00:00,99281.92,99284.92,99259.06,99262.06,2
2025-01-02T05:37:00+00:00,99262.06,99265.06,99239.21,99242.21,2
2025-01-02T05:38:00+00:00,99242.21,99245.21,99219.36,99222.36,2
2025-01-02T05:39:00+00:00,99222.36,99225.36,99199.52,99202.52,2
2025-01-02T05:40:00+00:00,99202.52,99205.52,99179.68,99182.68,2
2025-01-02T05:41:00+00:00,99182.68,99185.68,99159.84,99162.84,2
2025-01-02T05:42:00+00:00,99162.84,99165.84,99140.01,99143.01,2
2025-01-02T05:43:00+00:00,99143.01,99146.01,99120.18,99123.18,2
2025-01-02T05:44:00+00:00,99123.18,99126.18,99100.36,99103.36,2
2025-01-02T05:45:00+00:00,99103.36,99106.36,99080.54,99083.54,2
2025-01-02T05:46:00+00:00,99083.54,99086.54,99060.72,99063.72,2
2025-01-02T05:47:00+00:00,99063.72,99066.72,99040.91,99043.91,2
2025-01-02T05:48:00+00:00,99043.91,99046.91,99021.10,99024.10,2
2025-01-02T05:49:00+00:00,99024.10,99027.10,99001.30,99004.30,2
2025-01-02T05:50:00+00:00,99004.30,99007.30,98981.50,98984.50,2
2025-01-02T05:51:00+00:00,98984.50,98987.50,98961.70,98964.70,2
2025-01-02T05:52:00+00:00,98964.70,98967.70,98941.91,98944.91,2
2025-01-02T05:53:00+00:00,98944.91,98947.91,98922.12,98925.12,2
2025-01-02T05:54:00+00:00,98925.12,98928.12,98902.33,98905.33,2
2025-01-02T05:55:00+00:00,98905.33,98908.33,98882.55,98885.55,2
2025-01-02T05:56:00+00:00,98885.55,98888.55,98862.77,98865.77,2
2025-01-02T05:57:00+00:00,98865.77,98868.77,98843.00,98846.00,2
2025-01-02T05:58:00+00:00,98846.00,98849.00,98823.23,98826.23,2
2025-01-02T05:59:00+00:00,98826.23,98829.23,98803.46,98806.46,2
2025-01-02T06:00:00+00:00,98806.46,98835.81,98803.46,98832.81,5
2025-01-02T06:01:00+00:00,98832.81,98862.17,98829.81,98859.17,5
2025-01-02T06:02:00+00:00,98859.17,98888.53,98856.17,98885.53,5
2025-01-02T06:03:00+00:00,98885.53,98914.90,98882.53,98911.90,5
2025-01-02T06:04:00+00:00,98911.90,98941.28,98908.90,98938.28,5
2025-01-02T06:05:00+00:00,98938.28,98967.66,98935.28,98964.66,5
2025-01-02T06:06:00+00:00,98964.66,98994.05,98961.66,98991.05,5
2025-01-02T06:07:00+00:00,98991.05,99020.45,98988.05,99017.45,5
2025-01-02T06:08:00+00:00,99017.45,99046.85,99014.45,99043.85,5
2025-01-02T06:09:00+00:00,99043.85,99073.26,99040.85,99070.26,5
2025-01-02T06:10:00+00:00,99070.26,99099.68,99067.26,99096.68,5
2025-01-02T06:11:00+00:00,99096.68,99126.11,99093.68,99123.11,5
2025-01-02T06:12:00+00:00,99123.11,99152.54,99120.11,99149.54,5
2025-01-02T06:13:00+00:00,99149.54,99178.98,99146.54,99175.98,5
2025-01-02T06:14:00+00:00,99175.98,99205.43,99172.98,99202.43,5
2025-01-02T06:15:00+00:00,99202.43,99231.88,99199.43,99228.88,5
2025-01-02T06:16:00+00:00,99228.88,99258.34,99225.88,99255.34,5
2025-01-02T06:17:00+00:00,99255.34,99284.81,99252.34,99281.81,5
2025-01-02T06:18:00+00:00,99281.81,99311.29,99278.81,99308.29,5
2025-01-02T06:19:00+00:00,99308.29,99337.77,99305.29,99334.77,5
2025-01-02T06:20:00+00:00,99334.77,99364.26,99331.77,99361.26,5
2025-01-02T06:21:00+00:00,99361.26,99390.76,99358.26,99387.76,5
2025-01-02T06:22:00+00:00,99387.76,99417.26,99384.76,99414.26,5
2025-01-02T06:23:00+00:00,99414.26,99443.77,99411.26,99440.77,5
2025-01-02T06:24:00+00:00,99440.77,99470.29,99437.77,99467.29,5
2025-01-02T06:25:00+00:00,99467.29,99496.81,99464.29,99493.81,5
2025-01-02T06:26:00+00:00,99493.81,99523.34,99490.81,99520.34,5
2025-01-02T06:27:00+00:00,99520.34,99549.88,99517.34,99546.88,5
2025-01-02T06:28:00+00:00,99546.88,99576.43,99543.88,99573.43,5
2025-01-02T06:29:00+00:00,99573.43,99602.98,99570.43,99599.98,5
2025-01-02T06:30:00+00:00,99599.98,99629.54,99596.98,99626.54,5
2025-01-02T06:31:00+00:00,99626.54,99656.11,99623.54,99653.11,5
2025-01-02T06:32:00+00:00,99653.11,99682.68,99650.11,99679.68,5
2025-01-02T06:33:00+00:00,99679.68,99709.26,99676.68,99706.26,5
2025-01-02T06:34:00+00:00,99706.26,99735.85,99703.26,99732.85,5
2025-01-02T06:35:00+00:00,99732.85,99762.45,99729.85,99759.45,5
2025-01-02T06:36:00+00:00,99759.45,99789.05,99756.45,99786.05,5
2025-01-02T06:37:00+00:00,99786.05,99815.66,99783.05,99812.66,5
2025-01-02T06:38:00+00:00,99812.66,99842.28,99809.66,99839.28,5
2025-01-02T06:39:00+00:00,99839.28,99868.90,99836.28,99865.90,5
2025-01-02T06:40:00+00:00,99865.90,99895.53,99862.90,99892.53,5
2025-01-02T06:41:00+00:00,99892.53,99922.17,99889.53,99919.17,5
2025-01-02T06:42:00+00:00,99919.17,99948.82,99916.17,99945.82,5
2025-01-02T06:43:00+00:00,99945.82,99975.47,99942.82,99972.47,5
2025-01-02T06:44:00+00:00,99972.47,100002.13,99969.47,99999.13,5
2025-01-02T06:45:00+00:00,99999.13,100028.80,99996.13,100025.80,5
2025-01-02T06:46:00+00:00,100025.80,100055.47,100022.80,100052.47,5
2025-01-02T06:47:00+00:00,100052.47,100082.15,100049.47,100079.15,5
2025-01-02T06:48:00+00:00,100079.15,100108.84,100076.15,100105.84,5
2025-01-02T06:49:00+00:00,100105.84,100135.53,100102.84,100132.53,5
2025-01-02T06:50:00+00:00,100132.53,100162.23,100129.53,100159.23,5
2025-01-02T06:51:00+00:00,100159.23,100188.94,100156.23,100185.94,5
2025-01-02T06:52:00+00:00,100185.94,100215.66,100182.94,100212.66,5
2025-01-02T06:53:00+00:00,100212.66,100242.38,100209.66,100239.38,5
2025-01-02T06:54:00+00:00,100239.38,100269.11,100236.38,100266.11,5
2025-01-02T06:55:00+00:00,100266.11,100295.85,100263.11,100292.85,5
2025-01-02T06:56:00+00:00,100292.85,100322.59,100289.85,100319.59,5
2025-01-02T06:57:00+00:00,100319.59,100349.34,100316.59,100346.34,5
2025-01-02T06:58:00+00:00,100346.34,100376.10,100343.34,100373.10,5
2025-01-02T06:59:00+00:00,100373.10,100402.87,100370.10,100399.87,5
2025-01-02T07:00:00+00:00,100399.87,100402.87,100390.18,100393.18,2
2025-01-02T07:01:00+00:00,100393.18,100396.18,100383.49,100386.49,2
2025-01-02T07:02:00+00:00,100386.49,100389.49,100376.80,100379.80,2
2025-01-02T07:03:00+00:00,100379.80,100382.80,100370.11,100373.11,2
2025-01-02T07:04:00+00:00,100373.11,100376.11,100363.42,100366.42,2
2025-01-02T07:05:00+00:00,100366.42,100369.42,100356.73,100359.73,2
2025-01-02T07:06:00+00:00,100359.73,100362.73,100350.04,100353.04,2
2025-01-02T07:07:00+00:00,100353.04,100356.04,100343.35,100346.35,2
2025-01-02T07:08:00+00:00,100346.35,100349.35,100336.66,100339.66,2
2025-01-02T07:09:00+00:00,100339.66,100342.66,100329.97,100332.97,2
2025-01-02T07:10:00+00:00,100332.97,100335.97,100323.28,100326.28,2
2025-01-02T07:11:00+00:00,100326.28,100329.28,100316.59,100319.59,2
2025-01-02T07:12:00+00:00,100319.59,100322.59,100309.90,100312.90,2
2025-01-02T07:13:00+00:00,100312.90,100315.90,100303.21,100306.21,2
2025-01-02T07:14:00+00:00,100306.21,100309.21,100296.52,100299.52,2
2025-01-02T07:15:00+00:00,100299.52,100302.52,100289.83,100292.83,2
2025-01-02T07:16:00+00:00,100292.83,100295.83,100283.14,100286.14,2
2025-01-02T07:17:00+00:00,100286.14,100289.14,100276.45,100279.45,2
2025-01-02T07:18:00+00:00,100279.45,100282.45,100269.76,100272.76,2
2025-01-02T07:19:00+00:00,100272.76,100275.76,100263.08,100266.08,2
2025-01-02T07:20:00+00:00,100266.08,100269.08,100256.40,100259.40,2
2025-01-02T07:21:00+00:00,100259.40,100262.40,100249.72,100252.72,2
2025-01-02T07:22:00+00:00,100252.72,100255.72,100243.04,100246.04,2
2025-01-02T07:23:00+00:00,100246.04,100249.04,100236.36,100239.36,2
2025-01-02T07:24:00+00:00,100239.36,100242.36,100229.68,100232.68,2
2025-01-02T07:25:00+00:00,100232.68,100235.68,100223.00,100226.00,2
2025-01-02T07:26:00+00:00,100226.00,100229.00,100216.32,100219.32,2
2025-01-02T07:27:00+00:00,100219.32,100222.32,100209.64,100212.64,2
2025-01-02T07:28:00+00:00,100212.64,100215.64,100202.96,100205.96,2
2025-01-02T07:29:00+00:00,100205.96,100208.96,100196.28,100199.28,2
2025-01-02T07:30:00+00:00,100199.28,100202.28,100189.60,100192.60,2
2025-01-02T07:31:00+00:00,100192.60,100195.60,100182.92,100185.92,2
2025-01-02T07:32:00+00:00,100185.92,100188.92,100176.24,100179.24,2
2025-01-02T07:33:00+00:00,100179.24,100182.24,100169.56,100172.56,2
2025-01-02T07:34:00+00:00,100172.56,100175.56,100162.88,100165.88,2
2025-01-02T07:35:00+00:00,100165.88,100168.88,100156.20,100159.20,2
2025-01-02T07:36:00+00:00,100159.20,100162.20,100149.52,100152.52,2
2025-01-02T07:37:00+00:00,100152.52,100155.52,100142.84,100145.84,2
2025-01-02T07:38:00+00:00,100145.84,100148.84,100136.16,100139.16,2
2025-01-02T07:39:00+00:00,100139.16,100142.16,100129.48,100132.48,2
2025-01-02T07:40:00+00:00,100132.48,100135.48,100122.80,100125.80,2
2025-01-02T07:41:00+00:00,100125.80,100128.80,100116.12,100119.12,2
2025-01-02T07:42:00+00:00,100119.12,100122.12,100109.45,100112.45,2
2025-01-02T07:43:00+00:00,100112.45,100115.45,100102.78,100105.78,2
2025-01-02T07:44:00+00:00,100105.78,100108.78,100096.11,100099.11,2
2025-01-02T07:45:00+00:00,100099.11,100102.11,100089.44,100092.44,2
2025-01-02T07:46:00+00:00,100092.44,100095.44,100082.77,100085.77,2
2025-01-02T07:47:00+00:00,100085.77,100088.77,100076.10,100079.10,2
2025-01-02T07:48:00+00:00,100079.10,100082.10,100069.43,100072.43,2
2025-01-02T07:49:00+00:00,100072.43,100075.43,100062.76,100065.76,2
2025-01-02T07:50:00+00:00,100065.76,100068.76,100056.09,100059.09,2
2025-01-02T07:51:00+00:00,100059.09,100062.09,100049.42,100052.42,2
2025-01-02T07:52:00+00:00,100052.42,100055.42,100042.75,100045.75,2
2025-01-02T07:53:00+00:00,100045.75,100048.75,100036.08,100039.08,2
2025-01-02T07:54:00+00:00,100039.08,100042.08,100029.41,100032.41,2
2025-01-02T07:55:00+00:00,100032.41,100035.41,100022.74,100025.74,2
2025-01-02T07:56:00+00:00,100025.74,100028.74,100016.07,100019.07,2
2025-01-02T07:57:00+00:00,100019.07,100022.07,100009.40,100012.40,2
2025-01-02T07:58:00+00:00,100012.40,100015.40,100002.73,100005.73,2
2025-01-02T07:59:00+00:00,100005.73,100008.73,99996.06,99999.06,2
2025-01-02T08:00:00+00:00,99999.06,100022.06,99996.06,100019.06,5
2025-01-02T08:01:00+00:00,100019.06,100042.06,100016.06,100039.06,5
2025-01-02T08:02:00+00:00,100039.06,100062.07,100036.06,100059.07,5
2025-01-02T08:03:00+00:00,100059.07,100082.08,100056.07,100079.08,5
2025-01-02T08:04:00+00:00,100079.08,100102.10,100076.08,100099.10,5
2025-01-02T08:05:00+00:00,100099.10,100122.12,100096.10,100119.12,5
2025-01-02T08:06:00+00:00,100119.12,100142.14,100116.12,100139.14,5
2025-01-02T08:07:00+00:00,100139.14,100162.17,100136.14,100159.17,5
2025-01-02T08:08:00+00:00,100159.17,100182.20,100156.17,100179.20,5
2025-01-02T08:09:00+00:00,100179.20,100202.24,100176.20,100199.24,5
2025-01-02T08:10:00+00:00,100199.24,100222.28,100196.24,100219.28,5
2025-01-02T08:11:00+00:00,100219.28,100242.32,100216.28,100239.32,5
2025-01-02T08:12:00+00:00,100239.32,100262.37,100236.32,100259.37,5
2025-01-02T08:13:00+00:00,100259.37,100282.42,100256.37,100279.42,5
2025-01-02T08:14:00+00:00,100279.42,100302.48,100276.42,100299.48,5
2025-01-02T08:15:00+00:00,100299.48,100322.54,100296.48,100319.54,5
2025-01-02T08:16:00+00:00,100319.54,100342.60,100316.54,100339.60,5
2025-01-02T08:17:00+00:00,100339.60,100362.67,100336.60,100359.67,5
2025-01-02T08:18:00+00:00,100359.67,100382.74,100356.67,100379.74,5
2025-01-02T08:19:00+00:00,100379.74,100402.82,100376.74,100399.82,5
2025-01-02T08:20:00+00:00,100399.82,100422.90,100396.82,100419.90,5
2025-01-02T08:21:00+00:00,100419.90,100442.98,100416.90,100439.98,5
2025-01-02T08:22:00+00:00,100439.98,100463.07,100436.98,100460.07,5
2025-01-02T08:23:00+00:00,100460.07,100483.16,100457.07,100480.16,5
2025-01-02T08:24:00+00:00,100480.16,100503.26,100477.16,100500.26,5
2025-01-02T08:25:00+00:00,100500.26,100523.36,100497.26,100520.36,5
2025-01-02T08:26:00+00:00,100520.36,100543.46,100517.36,100540.46,5
2025-01-02T08:27:00+00:00,100540.46,100563.57,100537.46,100560.57,5
2025-01-02T08:28:00+00:00,100560.57,100583.68,100557.57,100580.68,5
2025-01-02T08:29:00+00:00,100580.68,100603.80,100577.68,100600.80,5
2025-01-02T08:30:00+00:00,100600.80,100623.92,100597.80,100620.92,5
2025-01-02T08:31:00+00:00,100620.92,100644.04,100617.92,100641.04,5
2025-01-02T08:32:00+00:00,100641.04,100664.17,100638.04,100661.17,5
2025-01-02T08:33:00+00:00,100661.17,100684.30,100658.17,100681.30,5
2025-01-02T08:34:00+00:00,100681.30,100704.44,100678.30,100701.44,5
2025-01-02T08:35:00+00:00,100701.44,100724.58,100698.44,100721.58,5
2025-01-02T08:36:00+00:00,100721.58,100744.72,100718.58,100741.72,5
2025-01-02T08:37:00+00:00,100741.72,100764.87,100738.72,100761.87,5
2025-01-02T08:38:00+00:00,100761.87,100785.02,100758.87,100782.02,5
2025-01-02T08:39:00+00:00,100782.02,100805.18,100779.02,100802.18,5
2025-01-02T08:40:00+00:00,100802.18,100825.34,100799.18,100822.34,5
2025-01-02T08:41:00+00:00,100822.34,100845.50,100819.34,100842.50,5
2025-01-02T08:42:00+00:00,100842.50,100865.67,100839.50,100862.67,5
2025-01-02T08:43:00+00:00,100862.67,100885.84,100859.67,100882.84,5
2025-01-02T08:44:00+00:00,100882.84,100906.02,100879.84,100903.02,5
2025-01-02T08:45:00+00:00,100903.02,100926.20,100900.02,100923.20,5
2025-01-02T08:46:00+00:00,100923.20,100946.38,100920.20,100943.38,5
2025-01-02T08:47:00+00:00,100943.38,100966.57,100940.38,100963.57,5
2025-01-02T08:48:00+00:00,100963.57,100986.76,100960.57,100983.76,5
2025-01-02T08:49:00+00:00,100983.76,101006.96,100980.76,101003.96,5
2025-01-02T08:50:00+00:00,101003.96,101027.16,101000.96,101024.16,5
2025-01-02T08:51:00+00:00,101024.16,101047.36,101021.16,101044.36,5
2025-01-02T08:52:00+00:00,101044.36,101067.57,101041.36,101064.57,5
2025-01-02T08:53:00+00:00,101064.57,101087.78,101061.57,101084.78,5
2025-01-02T08:54:00+00:00,101084.78,101108.00,101081.78,101105.00,5
2025-01-02T08:55:00+00:00,101105.00,101128.22,101102.00,101125.22,5
2025-01-02T08:56:00+00:00,101125.22,101148.45,101122.22,101145.45,5
2025-01-02T08:57:00+00:00,101145.45,101168.68,101142.45,101165.68,5
2025-01-02T08:58:00+00:00,101165.68,101188.91,101162.68,101185.91,5
2025-01-02T08:59:00+00:00,101185.91,101209.15,101182.91,101206.15,5
2025-01-02T09:00:00+00:00,101206.15,101229.39,101203.15,101226.39,2
2025-01-02T09:01:00+00:00,101226.39,101249.64,101223.39,101246.64,2
2025-01-02T09:02:00+00:00,101246.64,101269.89,101243.64,101266.89,2
2025-01-02T09:03:00+00:00,101266.89,101290.14,101263.89,101287.14,2
2025-01-02T09:04:00+00:00,101287.14,101310.40,101284.14,101307.40,2
2025-01-02T09:05:00+00:00,101307.40,101330.66,101304.40,101327.66,2
2025-01-02T09:06:00+00:00,101327.66,101350.93,101324.66,101347.93,2
2025-01-02T09:07:00+00:00,101347.93,101371.20,101344.93,101368.20,2
2025-01-02T09:08:00+00:00,101368.20,101391.47,101365.20,101388.47,2
2025-01-02T09:09:00+00:00,101388.47,101411.75,101385.47,101408.75,2
2025-01-02T09:10:00+00:00,101408.75,101432.03,101405.75,101429.03,2
2025-01-02T09:11:00+00:00,101429.03,101452.32,101426.03,101449.32,2
2025-01-02T09:12:00+00:00,101449.32,101472.61,101446.32,101469.61,2
2025-01-02T09:13:00+00:00,101469.61,101492.90,101466.61,101489.90,2
2025-01-02T09:14:00+00:00,101489.90,101513.20,101486.90,101510.20,2
2025-01-02T09:15:00+00:00,101510.20,101533.50,101507.20,101530.50,2
2025-01-02T09:16:00+00:00,101530.50,101553.81,101527.50,101550.81,2
2025-01-02T09:17:00+00:00,101550.81,101574.12,101547.81,101571.12,2
2025-01-02T09:18:00+00:00,101571.12,101594.43,101568.12,101591.43,2
2025-01-02T09:19:00+00:00,101591.43,101614.75,101588.43,101611.75,2
2025-01-02T09:20:00+00:00,101611.75,101635.07,101608.75,101632.07,2
2025-01-02T09:21:00+00:00,101632.07,101655.40,101629.07,101652.40,2
2025-01-02T09:22:00+00:00,101652.40,101675.73,101649.40,101672.73,2
2025-01-02T09:23:00+00:00,101672.73,101696.06,101669.73,101693.06,2
2025-01-02T09:24:00+00:00,101693.06,101716.40,101690.06,101713.40,2
2025-01-02T09:25:00+00:00,101713.40,101736.74,101710.40,101733.74,2
2025-01-02T09:26:00+00:00,101733.74,101757.09,101730.74,101754.09,2
2025-01-02T09:27:00+00:00,101754.09,101777.44,101751.09,101774.44,2
2025-01-02T09:28:00+00:00,101774.44,101797.79,101771.44,101794.79,2
2025-01-02T09:29:00+00:00,101794.79,101818.15,101791.79,101815.15,2
2025-01-02T09:30:00+00:00,101815.15,101838.51,101812.15,101835.51,2
2025-01-02T09:31:00+00:00,101835.51,101858.88,101832.51,101855.88,2
2025-01-02T09:32:00+00:00,101855.88,101879.25,101852.88,101876.25,2
2025-01-02T09:33:00+00:00,101876.25,101899.63,101873.25,101896.63,2
2025-01-02T09:34:00+00:00,101896.63,101920.01,101893.63,101917.01,2
2025-01-02T09:35:00+00:00,101917.01,101940.39,101914.01,101937.39,2
2025-01-02T09:36:00+00:00,101937.39,101960.78,101934.39,101957.78,2
2025-01-02T09:37:00+00:00,101957.78,101981.17,101954.78,101978.17,2
2025-01-02T09:38:00+00:00,101978.17,102001.57,101975.17,101998.57,2
2025-01-02T09:39:00+00:00,101998.57,102021.97,101995.57,102018.97,2
2025-01-02T09:40:00+00:00,102018.97,102042.37,102015.97,102039.37,2
2025-01-02T09:41:00+00:00,102039.37,102062.78,102036.37,102059.78,2
2025-01-02T09:42:00+00:00,102059.78,102083.19,102056.78,102080.19,2
2025-01-02T09:43:00+00:00,102080.19,102103.61,102077.19,102100.61,2
2025-01-02T09:44:00+00:00,102100.61,102124.03,102097.61,102121.03,2
2025-01-02T09:45:00+00:00,102121.03,102144.45,102118.03,102141.45,2
2025-01-02T09:46:00+00:00,102141.45,102164.88,102138.45,102161.88,2
2025-01-02T09:47:00+00:00,102161.88,102185.31,102158.88,102182.31,2
2025-01-02T09:48:00+00:00,102182.31,102205.75,102179.31,102202.75,2
2025-01-02T09:49:00+00:00,102202.75,102226.19,102199.75,102223.19,2
2025-01-02T09:50:00+00:00,102223.19,102246.63,102220.19,102243.63,2
2025-01-02T09:51:00+00:00,102243.63,102267.08,102240.63,102264.08,2
2025-01-02T09:52:00+00:00,102264.08,102287.53,102261.08,102284.53,2
2025-01-02T09:53:00+00:00,102284.53,102307.99,102281.53,102304.99,2
2025-01-02T09:54:00+00:00,102304.99,102328.45,102301.99,102325.45,2
2025-01-02T09:55:00+00:00,102325.45,102348.92,102322.45,102345.92,2
2025-01-02T09:56:00+00:00,102345.92,102369.39,102342.92,102366.39,2
2025-01-02T09:57:00+00:00,102366.39,102389.86,102363.39,102386.86,2
2025-01-02T09:58:00+00:00,102386.86,102410.34,102383.86,102407.34,2
2025-01-02T09:59:00+00:00,102407.34,102430.82,102404.34,102427.82,2
2025-01-02T10:00:00+00:00,102427.82,102430.82,102397.51,102400.51,5
2025-01-02T10:01:00+00:00,102400.51,102403.51,102370.20,102373.20,5
2025-01-02T10:02:00+00:00,102373.20,102376.20,102342.90,102345.90,5
2025-01-02T10:03:00+00:00,102345.90,102348.90,102315.61,102318.61,5
2025-01-02T10:04:00+00:00,102318.61,102321.61,102288.33,102291.33,5
2025-01-02T10:05:00+00:00,102291.33,102294.33,102261.05,102264.05,5
2025-01-02T10:06:00+00:00,102264.05,102267.05,102233.78,102236.78,5
2025-01-02T10:07:00+00:00,102236.78,102239.78,102206.52,102209.52,5
2025-01-02T10:08:00+00:00,102209.52,102212.52,102179.26,102182.26,5
2025-01-02T10:09:00+00:00,102182.26,102185.26,102152.01,102155.01,5
2025-01-02T10:10:00+00:00,102155.01,102158.01,102124.77,102127.77,5
2025-01-02T10:11:00+00:00,102127.77,102130.77,102097.54,102100.54,5
2025-01-02T10:12:00+00:00,102100.54,102103.54,102070.31,102073.31,5
2025-01-02T10:13:00+00:00,102073.31,102076.31,102043.09,102046.09,5
2025-01-02T10:14:00+00:00,102046.09,102049.09,102015.88,102018.88,5
2025-01-02T10:15:00+00:00,102018.88,102021.88,101988.67,101991.67,5
2025-01-02T10:16:00+00:00,101991.67,101994.67,101961.47,101964.47,5
2025-01-02T10:17:00+00:00,101964.47,101967.47,101934.28,101937.28,5
2025-01-02T10:18:00+00:00,101937.28,101940.28,101907.10,101910.10,5
2025-01-02T10:19:00+00:00,101910.10,101913.10,101879.92,101882.92,5
2025-01-02T10:20:00+00:00,101882.92,101885.92,101852.75,101855.75,5
2025-01-02T10:21:00+00:00,101855.75,101858.75,101825.59,101828.59,5
2025-01-02T10:22:00+00:00,101828.59,101831.59,101798.44,101801.44,5
2025-01-02T10:23:00+00:00,101801.44,101804.44,101771.29,101774.29,5
2025-01-02T10:24:00+00:00,101774.29,101777.29,101744.15,101747.15,5
2025-01-02T10:25:00+00:00,101747.15,101750.15,101717.02,101720.02,5
2025-01-02T10:26:00+00:00,101720.02,101723.02,101689.89,101692.89,5
2025-01-02T10:27:00+00:00,101692.89,101695.89,101662.77,101665.77,5
2025-01-02T10:28:00+00:00,101665.77,101668.77,101635.66,101638.66,5
2025-01-02T10:29:00+00:00,101638.66,101641.66,101608.56,101611.56,5
2025-01-02T10:30:00+00:00,101611.56,101614.56,101581.46,101584.46,5
2025-01-02T10:31:00+00:00,101584.46,101587.46,101554.37,101557.37,5
2025-01-02T10:32:00+00:00,101557.37,101560.37,101527.29,101530.29,5
2025-01-02T10:33:00+00:00,101530.29,101533.29,101500.22,101503.22,5
2025-01-02T10:34:00+00:00,101503.22,101506.22,101473.15,101476.15,5
2025-01-02T10:35:00+00:00,101476.15,101479.15,101446.09,101449.09,5
2025-01-02T10:36:00+00:00,101449.09,101452.09,101419.04,101422.04,5
2025-01-02T10:37:00+00:00,101422.04,101425.04,101391.99,101394.99,5
2025-01-02T10:38:00+00:00,101394.99,101397.99,101364.95,101367.95,5
2025-01-02T10:39:00+00:00,101367.95,101370.95,101337.92,101340.92,5
2025-01-02T10:40:00+00:00,101340.92,101343.92,101310.90,101313.90,5
2025-01-02T10:41:00+00:00,101313.90,101316.90,101283.88,101286.88,5
2025-01-02T10:42:00+00:00,101286.88,101289.88,101256.87,101259.87,5
2025-01-02T10:43:00+00:00,101259.87,101262.87,101229.87,101232.87,5
2025-01-02T10:44:00+00:00,101232.87,101235.87,101202.87,101205.87,5
2025-01-02T10:45:00+00:00,101205.87,101208.87,101175.88,101178.88,5
2025-01-02T10:46:00+00:00,101178.88,101181.88,101148.90,101151.90,5
2025-01-02T10:47:00+00:00,101151.90,101154.90,101121.93,101124.93,5
2025-01-02T10:48:00+00:00,101124.93,101127.93,101094.96,101097.96,5
2025-01-02T10:49:00+00:00,101097.96,101100.96,101068.00,101071.00,5
2025-01-02T10:50:00+00:00,101071.00,101074.00,101041.05,101044.05,5
2025-01-02T10:51:00+00:00,101044.05,101047.05,101014.10,101017.10,5
2025-01-02T10:52:00+00:00,101017.10,101020.10,100987.16,100990.16,5
2025-01-02T10:53:00+00:00,100990.16,100993.16,100960.23,100963.23,5
2025-01-02T10:54:00+00:00,100963.23,100966.23,100933.31,100936.31,5
2025-01-02T10:55:00+00:00,100936.31,100939.31,100906.39,100909.39,5
2025-01-02T10:56:00+00:00,100909.39,100912.39,100879.48,100882.48,5
2025-01-02T10:57:00+00:00,100882.48,100885.48,100852.58,100855.58,5
2025-01-02T10:58:00+00:00,100855.58,100858.58,100825.69,100828.69,5
2025-01-02T10:59:00+00:00,100828.69,100831.69,100798.80,100801.80,5
2025-01-02T11:00:00+00:00,100801.80,100811.52,100798.80,100808.52,2
2025-01-02T11:01:00+00:00,100808.52,100818.24,100805.52,100815.24,2
2025-01-02T11:02:00+00:00,100815.24,100824.96,100812.24,100821.96,2
2025-01-02T11:03:00+00:00,100821.96,100831.68,100818.96,100828.68,2
2025-01-02T11:04:00+00:00,100828.68,100838.40,100825.68,100835.40,2
2025-01-02T11:05:00+00:00,100835.40,100845.12,100832.40,100842.12,2
2025-01-02T11:06:00+00:00,100842.12,100851.84,100839.12,100848.84,2
2025-01-02T11:07:00+00:00,100848.84,100858.56,100845.84,100855.56,2
2025-01-02T11:08:00+00:00,100855.56,100865.28,100852.56,100862.28,2
2025-01-02T11:09:00+00:00,100862.28,100872.00,100859.28,100869.00,2
2025-01-02T11:10:00+00:00,100869.00,100878.72,100866.00,100875.72,2
2025-01-02T11:11:00+00:00,100875.72,100885.45,100872.72,100882.45,2
2025-01-02T11:12:00+00:00,100882.45,100892.18,100879.45,100889.18,2
2025-01-02T11:13:00+00:00,100889.18,100898.91,100886.18,100895.91,2
2025-01-02T11:14:00+00:00,100895.91,100905.64,100892.91,100902.64,2
2025-01-02T11:15:00+00:00,100902.64,100912.37,100899.64,100909.37,2
2025-01-02T11:16:00+00:00,100909.37,100919.10,100906.37,100916.10,2
2025-01-02T11:17:00+00:00,100916.10,100925.83,100913.10,100922.83,2
2025-01-02T11:18:00+00:00,100922.83,100932.56,100919.83,100929.56,2
2025-01-02T11:19:00+00:00,100929.56,100939.29,100926.56,100936.29,2
2025-01-02T11:20:00+00:00,100936.29,100946.02,100933.29,100943.02,2
2025-01-02T11:21:00+00:00,100943.02,100952.75,100940.02,100949.75,2
2025-01-02T11:22:00+00:00,100949.75,100959.48,100946.75,100956.48,2
2025-01-02T11:23:00+00:00,100956.48,100966.21,100953.48,100963.21,2
2025-01-02T11:24:00+00:00,100963.21,100972.94,100960.21,100969.94,2
2025-01-02T11:25:00+00:00,100969.94,100979.67,100966.94,100976.67,2
2025-01-02T11:26:00+00:00,100976.67,100986.40,100973.67,100983.40,2
2025-01-02T11:27:00+00:00,100983.40,100993.13,100980.40,100990.13,2
2025-01-02T11:28:00+00:00,100990.13,100999.86,100987.13,100996.86,2
2025-01-02T11:29:00+00:00,100996.86,101006.59,100993.86,101003.59,2
2025-01-02T11:30:00+00:00,101003.59,101013.32,101000.59,101010.32,2
2025-01-02T11:31:00+00:00,101010.32,101020.05,101007.32,101017.05,2
2025-01-02T11:32:00+00:00,101017.05,101026.78,101014.05,101023.78,2
2025-01-02T11:33:00+00:00,101023.78,101033.51,101020.78,101030.51,2
2025-01-02T11:34:00+00:00,101030.51,101040.25,101027.51,101037.25,2
2025-01-02T11:35:00+00:00,101037.25,101046.99,101034.25,101043.99,2
2025-01-02T11:36:00+00:00,101043.99,101053.73,101040.99,101050.73,2
2025-01-02T11:37:00+00:00,101050.73,101060.47,101047.73,101057.47,2
2025-01-02T11:38:00+00:00,101057.47,101067.21,101054.47,101064.21,2
2025-01-02T11:39:00+00:00,101064.21,101073.95,101061.21,101070.95,2
2025-01-02T11:40:00+00:00,101070.95,101080.69,101067.95,101077.69,2
2025-01-02T11:41:00+00:00,101077.69,101087.43,101074.69,101084.43,2
2025-01-02T11:42:00+00:00,101084.43,101094.17,101081.43,101091.17,2
2025-01-02T11:43:00+00:00,101091.17,101100.91,101088.17,101097.91,2
2025-01-02T11:44:00+00:00,101097.91,101107.65,101094.91,101104.65,2
2025-01-02T11:45:00+00:00,101104.65,101114.39,101101.65,101111.39,2
2025-01-02T11:46:00+00:00,101111.39,101121.13,101108.39,101118.13,2
2025-01-02T11:47:00+00:00,101118.13,101127.87,101115.13,101124.87,2
2025-01-02T11:48:00+00:00,101124.87,101134.61,101121.87,101131.61,2
2025-01-02T11:49:00+00:00,101131.61,101141.35,101128.61,101138.35,2
2025-01-02T11:50:00+00:00,101138.35,101148.09,101135.35,101145.09,2
2025-01-02T11:51:00+00:00,101145.09,101154.83,101142.09,101151.83,2
2025-01-02T11:52:00+00:00,101151.83,101161.57,101148.83,101158.57,2
2025-01-02T11:53:00+00:00,101158.57,101168.31,101155.57,101165.31,2
2025-01-02T11:54:00+00:00,101165.31,101175.05,101162.31,101172.05,2
2025-01-02T11:55:00+00:00,101172.05,101181.79,101169.05,101178.79,2
2025-01-02T11:56:00+00:00,101178.79,101188.54,101175.79,101185.54,2
2025-01-02T11:57:00+00:00,101185.54,101195.29,101182.54,101192.29,2
2025-01-02T11:58:00+00:00,101192.29,101202.04,101189.29,101199.04,2
2025-01-02T11:59:00+00:00,101199.04,101208.79,101196.04,101205.79,2
2025-01-02T12:00:00+00:00,101205.79,101208.79,101182.55,101185.55,5
2025-01-02T12:01:00+00:00,101185.55,101188.55,101162.31,101165.31,5
2025-01-02T12:02:00+00:00,101165.31,101168.31,101142.08,101145.08,5
2025-01-02T12:03:00+00:00,101145.08,101148.08,101121.85,101124.85,5
2025-01-02T12:04:00+00:00,101124.85,101127.85,101101.63,101104.63,5
2025-01-02T12:05:00+00:00,101104.63,101107.63,101081.41,101084.41,5
2025-01-02T12:06:00+00:00,101084.41,101087.41,101061.19,101064.19,5
2025-01-02T12:07:00+00:00,101064.19,101067.19,101040.98,101043.98,5
2025-01-02T12:08:00+00:00,101043.98,101046.98,101020.77,101023.77,5
2025-01-02T12:09:00+00:00,101023.77,101026.77,101000.57,101003.57,5
2025-01-02T12:10:00+00:00,101003.57,101006.57,100980.37,100983.37,5
2025-01-02T12:11:00+00:00,100983.37,100986.37,100960.17,100963.17,5
2025-01-02T12:12:00+00:00,100963.17,100966.17,100939.98,100942.98,5
2025-01-02T12:13:00+00:00,100942.98,100945.98,100919.79,100922.79,5
2025-01-02T12:14:00+00:00,100922.79,100925.79,100899.61,100902.61,5
2025-01-02T12:15:00+00:00,100902.61,100905.61,100879.43,100882.43,5
2025-01-02T12:16:00+00:00,100882.43,100885.43,100859.25,100862.25,5
2025-01-02T12:17:00+00:00,100862.25,100865.25,100839.08,100842.08,5
2025-01-02T12:18:00+00:00,100842.08,100845.08,100818.91,100821.91,5
2025-01-02T12:19:00+00:00,100821.91,100824.91,100798.75,100801.75,5
2025-01-02T12:20:00+00:00,100801.75,100804.75,100778.59,100781.59,5
2025-01-02T12:21:00+00:00,100781.59,100784.59,100758.43,100761.43,5
2025-01-02T12:22:00+00:00,100761.43,100764.43,100738.28,100741.28,5
2025-01-02T12:23:00+00:00,100741.28,100744.28,100718.13,100721.13,5
2025-01-02T12:24:00+00:00,100721.13,100724.13,100697.99,100700.99,5
2025-01-02T12:25:00+00:00,100700.99,100703.99,100677.85,100680.85,5
2025-01-02T12:26:00+00:00,100680.85,100683.85,100657.71,100660.71,5
2025-01-02T12:27:00+00:00,100660.71,100663.71,100637.58,100640.58,5
2025-01-02T12:28:00+00:00,100640.58,100643.58,100617.45,100620.45,5
2025-01-02T12:29:00+00:00,100620.45,100623.45,100597.33,100600.33,5
2025-01-02T12:30:00+00:00,100600.33,100603.33,100577.21,100580.21,5
2025-01-02T12:31:00+00:00,100580.21,100583.21,100557.09,100560.09,5
2025-01-02T12:32:00+00:00,100560.09,100563.09,100536.98,100539.98,5
2025-01-02T12:33:00+00:00,100539.98,100542.98,100516.87,100519.87,5
2025-01-02T12:34:00+00:00,100519.87,100522.87,100496.77,100499.77,5
2025-01-02T12:35:00+00:00,100499.77,100502.77,100476.67,100479.67,5
2025-01-02T12:36:00+00:00,100479.67,100482.67,100456.57,100459.57,5
2025-01-02T12:37:00+00:00,100459.57,100462.57,100436.48,100439.48,5
2025-01-02T12:38:00+00:00,100439.48,100442.48,100416.39,100419.39,5
2025-01-02T12:39:00+00:00,100419.39,100422.39,100396.31,100399.31,5
2025-01-02T12:40:00+00:00,100399.31,100402.31,100376.23,100379.23,5
2025-01-02T12:41:00+00:00,100379.23,100382.23,100356.15,100359.15,5
2025-01-02T12:42:00+00:00,100359.15,100362.15,100336.08,100339.08,5
2025-01-02T12:43:00+00:00,100339.08,100342.08,100316.01,100319.01,5
2025-01-02T12:44:00+00:00,100319.01,100322.01,100295.95,100298.95,5
2025-01-02T12:45:00+00:00,100298.95,100301.95,100275.89,100278.89,5
2025-01-02T12:46:00+00:00,100278.89,100281.89,100255.83,100258.83,5
2025-01-02T12:47:00+00:00,100258.83,100261.83,100235.78,100238.78,5
2025-01-02T12:48:00+00:00,100238.78,100241.78,100215.73,100218.73,5
2025-01-02T12:49:00+00:00,100218.73,100221.73,100195.69,100198.69,5
2025-01-02T12:50:00+00:00,100198.69,100201.69,100175.65,100178.65,5
2025-01-02T12:51:00+00:00,100178.65,100181.65,100155.61,100158.61,5
2025-01-02T12:52:00+00:00,100158.61,100161.61,100135.58,100138.58,5
2025-01-02T12:53:00+00:00,100138.58,100141.58,100115.55,100118.55,5
2025-01-02T12:54:00+00:00,100118.55,100121.55,100095.53,100098.53,5
2025-01-02T12:55:00+00:00,100098.53,100101.53,100075.51,100078.51,5
2025-01-02T12:56:00+00:00,100078.51,100081.51,100055.49,100058.49,5
2025-01-02T12:57:00+00:00,100058.49,100061.49,100035.48,100038.48,5
2025-01-02T12:58:00+00:00,100038.48,100041.48,100015.47,100018.47,5
2025-01-02T12:59:00+00:00,100018.47,100021.47,99995.47,99998.47,5
2025-01-02T13:00:00+00:00,99998.47,100001.47,99975.47,99978.47,2
2025-01-02T13:01:00+00:00,99978.47,99981.47,99955.47,99958.47,2
2025-01-02T13:02:00+00:00,99958.47,99961.47,99935.48,99938.48,2
2025-01-02T13:03:00+00:00,99938.48,99941.48,99915.49,99918.49,2
2025-01-02T13:04:00+00:00,99918.49,99921.49,99895.51,99898.51,2
2025-01-02T13:05:00+00:00,99898.51,99901.51,99875.53,99878.53,2
2025-01-02T13:06:00+00:00,99878.53,99881.53,99855.55,99858.55,2
2025-01-02T13:07:00+00:00,99858.55,99861.55,99835.58,99838.58,2
2025-01-02T13:08:00+00:00,99838.58,99841.58,99815.61,99818.61,2
2025-01-02T13:09:00+00:00,99818.61,99821.61,99795.65,99798.65,2
2025-01-02T13:10:00+00:00,99798.65,99801.65,99775.69,99778.69,2
2025-01-02T13:11:00+00:00,99778.69,99781.69,99755.73,99758.73,2
2025-01-02T13:12:00+00:00,99758.73,99761.73,99735.78,99738.78,2
2025-01-02T13:13:00+00:00,99738.78,99741.78,99715.83,99718.83,2
2025-01-02T13:14:00+00:00,99718.83,99721.83,99695.89,99698.89,2
2025-01-02T13:15:00+00:00,99698.89,99701.89,99675.95,99678.95,2
2025-01-02T13:16:00+00:00,99678.95,99681.95,99656.01,99659.01,2
2025-01-02T13:17:00+00:00,99659.01,99662.01,99636.08,99639.08,2
2025-01-02T13:18:00+00:00,99639.08,99642.08,99616.15,99619.15,2
2025-01-02T13:19:00+00:00,99619.15,99622.15,99596.23,99599.23,2
2025-01-02T13:20:00+00:00,99599.23,99602.23,99576.31,99579.31,2
2025-01-02T13:21:00+00:00,99579.31,99582.31,99556.39,99559.39,2
2025-01-02T13:22:00+00:00,99559.39,99562.39,99536.48,99539.48,2
2025-01-02T13:23:00+00:00,99539.48,99542.48,99516.57,99519.57,2
2025-01-02T13:24:00+00:00,99519.57,99522.57,99496.67,99499.67,2
2025-01-02T13:25:00+00:00,99499.67,99502.67,99476.77,99479.77,2
2025-01-02T13:26:00+00:00,99479.77,99482.77,99456.87,99459.87,2
2025-01-02T13:27:00+00:00,99459.87,99462.87,99436.98,99439.98,2
2025-01-02T13:28:00+00:00,99439.98,99442.98,99417.09,99420.09,2
2025-01-02T13:29:00+00:00,99420.09,99423.09,99397.21,99400.21,2
2025-01-02T13:30:00+00:00,99400.21,99403.21,99377.33,99380.33,2
2025-01-02T13:31:00+00:00,99380.33,99383.33,99357.45,99360.45,2
2025-01-02T13:32:00+00:00,99360.45,99363.45,99337.58,99340.58,2
2025-01-02T13:33:00+00:00,99340.58,99343.58,99317.71,99320.71,2
2025-01-02T13:34:00+00:00,99320.71,99323.71,99297.85,99300.85,2
2025-01-02T13:35:00+00:00,99300.85,99303.85,99277.99,99280.99,2
2025-01-02T13:36:00+00:00,99280.99,99283.99,99258.13,99261.13,2
2025-01-02T13:37:00+00:00,99261.13,99264.13,99238.28,99241.28,2
2025-01-02T13:38:00+00:00,99241.28,99244.28,99218.43,99221.43,2
2025-01-02T13:39:00+00:00,99221.43,99224.43,99198.59,99201.59,2
2025-01-02T13:40:00+00:00,99201.59,99204.59,99178.75,99181.75,2
2025-01-02T13:41:00+00:00,99181.75,99184.75,99158.91,99161.91,2
2025-01-02T13:42:00+00:00,99161.91,99164.91,99139.08,99142.08,2
2025-01-02T13:43:00+00:00,99142.08,99145.08,99119.25,99122.25,2
2025-01-02T13:44:00+00:00,99122.25,99125.25,99099.43,99102.43,2
2025-01-02T13:45:00+00:00,99102.43,99105.43,99079.61,99082.61,2
2025-01-02T13:46:00+00:00,99082.61,99085.61,99059.79,99062.79,2
2025-01-02T13:47:00+00:00,99062.79,99065.79,99039.98,99042.98,2
2025-01-02T13:48:00+00:00,99042.98,99045.98,99020.17,99023.17,2
2025-01-02T13:49:00+00:00,99023.17,99026.17,99000.37,99003.37,2
2025-01-02T13:50:00+00:00,99003.37,99006.37,98980.57,98983.57,2
2025-01-02T13:51:00+00:00,98983.57,98986.57,98960.77,98963.77,2
2025-01-02T13:52:00+00:00,98963.77,98966.77,98940.98,98943.98,2
2025-01-02T13:53:00+00:00,98943.98,98946.98,98921.19,98924.19,2
2025-01-02T13:54:00+00:00,98924.19,98927.19,98901.41,98904.41,2
2025-01-02T13:55:00+00:00,98904.41,98907.41,98881.63,98884.63,2
2025-01-02T13:56:00+00:00,98884.63,98887.63,98861.85,98864.85,2
2025-01-02T13:57:00+00:00,98864.85,98867.85,98842.08,98845.08,2
2025-01-02T13:58:00+00:00,98845.08,98848.08,98822.31,98825.31,2
2025-01-02T13:59:00+00:00,98825.31,98828.31,98802.54,98805.54,2
2025-01-02T14:00:00+00:00,98805.54,98834.89,98802.54,98831.89,5
2025-01-02T14:01:00+00:00,98831.89,98861.25,98828.89,98858.25,5
2025-01-02T14:02:00+00:00,98858.25,98887.61,98855.25,98884.61,5
2025-01-02T14:03:00+00:00,98884.61,98913.98,98881.61,98910.98,5
2025-01-02T14:04:00+00:00,98910.98,98940.36,98907.98,98937.36,5
2025-01-02T14:05:00+00:00,98937.36,98966.74,98934.36,98963.74,5
2025-01-02T14:06:00+00:00,98963.74,98993.13,98960.74,98990.13,5
2025-01-02T14:07:00+00:00,98990.13,99019.53,98987.13,99016.53,5
2025-01-02T14:08:00+00:00,99016.53,99045.93,99013.53,99042.93,5
2025-01-02T14:09:00+00:00,99042.93,99072.34,99039.93,99069.34,5
2025-01-02T14:10:00+00:00,99069.34,99098.76,99066.34,99095.76,5
2025-01-02T14:11:00+00:00,99095.76,99125.19,99092.76,99122.19,5
2025-01-02T14:12:00+00:00,99122.19,99151.62,99119.19,99148.62,5
2025-01-02T14:13:00+00:00,99148.62,99178.06,99145.62,99175.06,5
2025-01-02T14:14:00+00:00,99175.06,99204.51,99172.06,99201.51,5
2025-01-02T14:15:00+00:00,99201.51,99230.96,99198.51,99227.96,5
2025-01-02T14:16:00+00:00,99227.96,99257.42,99224.96,99254.42,5
2025-01-02T14:17:00+00:00,99254.42,99283.89,99251.42,99280.89,5
2025-01-02T14:18:00+00:00,99280.89,99310.36,99277.89,99307.36,5
2025-01-02T14:19:00+00:00,99307.36,99336.84,99304.36,99333.84,5
2025-01-02T14:20:00+00:00,99333.84,99363.33,99330.84,99360.33,5
2025-01-02T14:21:00+00:00,99360.33,99389.83,99357.33,99386.83,5
2025-01-02T14:22:00+00:00,99386.83,99416.33,99383.83,99413.33,5
2025-01-02T14:23:00+00:00,99413.33,99442.84,99410.33,99439.84,5
2025-01-02T14:24:00+00:00,99439.84,99469.36,99436.84,99466.36,5
2025-01-02T14:25:00+00:00,99466.36,99495.88,99463.36,99492.88,5
2025-01-02T14:26:00+00:00,99492.88,99522.41,99489.88,99519.41,5
2025-01-02T14:27:00+00:00,99519.41,99548.95,99516.41,99545.95,5
2025-01-02T14:28:00+00:00,99545.95,99575.50,99542.95,99572.50,5
2025-01-02T14:29:00+00:00,99572.50,99602.05,99569.50,99599.05,5
2025-01-02T14:30:00+00:00,99599.05,99628.61,99596.05,99625.61,5
2025-01-02T14:31:00+00:00,99625.61,99655.18,99622.61,99652.18,5
2025-01-02T14:32:00+00:00,99652.18,99681.75,99649.18,99678.75,5
2025-01-02T14:33:00+00:00,99678.75,99708.33,99675.75,99705.33,5
2025-01-02T14:34:00+00:00,99705.33,99734.92,99702.33,99731.92,5
2025-01-02T14:35:00+00:00,99731.92,99761.52,99728.92,99758.52,5
2025-01-02T14:36:00+00:00,99758.52,99788.12,99755.52,99785.12,5
2025-01-02T14:37:00+00:00,99785.12,99814.73,99782.12,99811.73,5
2025-01-02T14:38:00+00:00,99811.73,99841.35,99808.73,99838.35,5
2025-01-02T14:39:00+00:00,99838.35,99867.97,99835.35,99864.97,5
2025-01-02T14:40:00+00:00,99864.97,99894.60,99861.97,99891.60,5
2025-01-02T14:41:00+00:00,99891.60,99921.24,99888.60,99918.24,5
2025-01-02T14:42:00+00:00,99918.24,99947.88,99915.24,99944.88,5
2025-01-02T14:43:00+00:00,99944.88,99974.53,99941.88,99971.53,5
2025-01-02T14:44:00+00:00,99971.53,100001.19,99968.53,99998.19,5
2025-01-02T14:45:00+00:00,99998.19,100027.86,99995.19,100024.86,5
2025-01-02T14:46:00+00:00,100024.86,100054.53,100021.86,100051.53,5
2025-01-02T14:47:00+00:00,100051.53,100081.21,100048.53,100078.21,5
2025-01-02T14:48:00+00:00,100078.21,100107.90,100075.21,100104.90,5
2025-01-02T14:49:00+00:00,100104.90,100134.59,100101.90,100131.59,5
2025-01-02T14:50:00+00:00,100131.59,100161.29,100128.59,100158.29,5
2025-01-02T14:51:00+00:00,100158.29,100188.00,100155.29,100185.00,5
2025-01-02T14:52:00+00:00,100185.00,100214.72,100182.00,100211.72,5
2025-01-02T14:53:00+00:00,100211.72,100241.44,100208.72,100238.44,5
2025-01-02T14:54:00+00:00,100238.44,100268.17,100235.44,100265.17,5
2025-01-02T14:55:00+00:00,100265.17,100294.91,100262.17,100291.91,5
2025-01-02T14:56:00+00:00,100291.91,100321.65,100288.91,100318.65,5
2025-01-02T14:57:00+00:00,100318.65,100348.40,100315.65,100345.40,5
2025-01-02T14:58:00+00:00,100345.40,100375.16,100342.40,100372.16,5
2025-01-02T14:59:00+00:00,100372.16,100401.93,100369.16,100398.93,5
2025-01-02T15:00:00+00:00,100398.93,100401.93,100389.24,100392.24,2
2025-01-02T15:01:00+00:00,100392.24,100395.24,100382.55,100385.55,2
2025-01-02T15:02:00+00:00,100385.55,100388.55,100375.86,100378.86,2
2025-01-02T15:03:00+00:00,100378.86,100381.86,100369.17,100372.17,2
2025-01-02T15:04:00+00:00,100372.17,100375.17,100362.48,100365.48,2
2025-01-02T15:05:00+00:00,100365.48,100368.48,100355.79,100358.79,2
2025-01-02T15:06:00+00:00,100358.79,100361.79,100349.10,100352.10,2
2025-01-02T15:07:00+00:00,100352.10,100355.10,100342.41,100345.41,2
2025-01-02T15:08:00+00:00,100345.41,100348.41,100335.72,100338.72,2
2025-01-02T15:09:00+00:00,100338.72,100341.72,100329.03,100332.03,2
2025-01-02T15:10:00+00:00,100332.03,100335.03,100322.34,100325.34,2
2025-01-02T15:11:00+00:00,100325.34,100328.34,100315.65,100318.65,2
2025-01-02T15:12:00+00:00,100318.65,100321.65,100308.96,100311.96,2
2025-01-02T15:13:00+00:00,100311.96,100314.96,100302.27,100305.27,2
2025-01-02T15:14:00+00:00,100305.27,100308.27,100295.58,100298.58,2
2025-01-02T15:15:00+00:00,100298.58,100301.58,100288.89,100291.89,2
2025-01-02T15:16:00+00:00,100291.89,100294.89,100282.20,100285.20,2
2025-01-02T15:17:00+00:00,100285.20,100288.20,100275.51,100278.51,2
2025-01-02T15:18:00+00:00,100278.51,100281.51,100268.82,100271.82,2
2025-01-02T15:19:00+00:00,100271.82,100274.82,100262.14,100265.14,2
2025-01-02T15:20:00+00:00,100265.14,100268.14,100255.46,100258.46,2
2025-01-02T15:21:00+00:00,100258.46,100261.46,100248.78,100251.78,2
2025-01-02T15:22:00+00:00,100251.78,100254.78,100242.10,100245.10,2
2025-01-02T15:23:00+00:00,100245.10,100248.10,100235.42,100238.42,2
2025-01-02T15:24:00+00:00,100238.42,100241.42,100228.74,100231.74,2
2025-01-02T15:25:00+00:00,100231.74,100234.74,100222.06,100225.06,2
2025-01-02T15:26:00+00:00,100225.06,100228.06,100215.38,100218.38,2
2025-01-02T15:27:00+00:00,100218.38,100221.38,100208.70,100211.70,2
2025-01-02T15:28:00+00:00,100211.70,100214.70,100202.02,100205.02,2
2025-01-02T15:29:00+00:00,100205.02,100208.02,100195.34,100198.34,2
2025-01-02T15:30:00+00:00,100198.34,100201.34,100188.66,100191.66,2
2025-01-02T15:31:00+00:00,100191.66,100194.66,100181.98,100184.98,2
2025-01-02T15:32:00+00:00,100184.98,100187.98,100175.30,100178.30,2
2025-01-02T15:33:00+00:00,100178.30,100181.30,100168.62,100171.62,2
2025-01-02T15:34:00+00:00,100171.62,100174.62,100161.94,100164.94,2
2025-01-02T15:35:00+00:00,100164.94,100167.94,100155.26,100158.26,2
2025-01-02T15:36:00+00:00,100158.26,100161.26,100148.58,100151.58,2
2025-01-02T15:37:00+00:00,100151.58,100154.58,100141.90,100144.90,2
2025-01-02T15:38:00+00:00,100144.90,100147.90,100135.22,100138.22,2
2025-01-02T15:39:00+00:00,100138.22,100141.22,100128.54,100131.54,2
2025-01-02T15:40:00+00:00,100131.54,100134.54,100121.86,100124.86,2
2025-01-02T15:41:00+00:00,100124.86,100127.86,100115.19,100118.19,2
2025-01-02T15:42:00+00:00,100118.19,100121.19,100108.52,100111.52,2
2025-01-02T15:43:00+00:00,100111.52,100114.52,100101.85,100104.85,2
2025-01-02T15:44:00+00:00,100104.85,100107.85,100095.18,100098.18,2
2025-01-02T15:45:00+00:00,100098.18,100101.18,100088.51,100091.51,2
2025-01-02T15:46:00+00:00,100091.51,100094.51,100081.84,100084.84,2
2025-01-02T15:47:00+00:00,100084.84,100087.84,100075.17,100078.17,2
2025-01-02T15:48:00+00:00,100078.17,100081.17,100068.50,100071.50,2
2025-01-02T15:49:00+00:00,100071.50,100074.50,100061.83,100064.83,2
2025-01-02T15:50:00+00:00,100064.83,100067.83,100055.16,100058.16,2
2025-01-02T15:51:00+00:00,100058.16,100061.16,100048.49,100051.49,2
2025-01-02T15:52:00+00:00,100051.49,100054.49,100041.82,100044.82,2
2025-01-02T15:53:00+00:00,100044.82,100047.82,100035.15,100038.15,2
2025-01-02T15:54:00+00:00,100038.15,100041.15,100028.48,100031.48,2
2025-01-02T15:55:00+00:00,100031.48,100034.48,100021.81,100024.81,2
2025-01-02T15:56:00+00:00,100024.81,100027.81,100015.14,100018.14,2
2025-01-02T15:57:00+00:00,100018.14,100021.14,100008.47,100011.47,2
2025-01-02T15:58:00+00:00,100011.47,100014.47,100001.80,100004.80,2
2025-01-02T15:59:00+00:00,100004.80,100007.80,99995.13,99998.13,2
2025-01-02T16:00:00+00:00,99998.13,100021.13,99995.13,100018.13,5
2025-01-02T16:01:00+00:00,100018.13,100041.13,100015.13,100038.13,5
2025-01-02T16:02:00+00:00,100038.13,100061.14,100035.13,100058.14,5
2025-01-02T16:03:00+00:00,100058.14,100081.15,100055.14,100078.15,5
2025-01-02T16:04:00+00:00,100078.15,100101.17,100075.15,100098.17,5
2025-01-02T16:05:00+00:00,100098.17,100121.19,100095.17,100118.19,5
2025-01-02T16:06:00+00:00,100118.19,100141.21,100115.19,100138.21,5
2025-01-02T16:07:00+00:00,100138.21,100161.24,100135.21,100158.24,5
2025-01-02T16:08:00+00:00,100158.24,100181.27,100155.24,100178.27,5
2025-01-02T16:09:00+00:00,100178.27,100201.31,100175.27,100198.31,5
2025-01-02T16:10:00+00:00,100198.31,100221.35,100195.31,100218.35,5
2025-01-02T16:11:00+00:00,100218.35,100241.39,100215.35,100238.39,5
2025-01-02T16:12:00+00:00,100238.39,100261.44,100235.39,100258.44,5
2025-01-02T16:13:00+00:00,100258.44,100281.49,100255.44,100278.49,5
2025-01-02T16:14:00+00:00,100278.49,100301.55,100275.49,100298.55,5
2025-01-02T16:15:00+00:00,100298.55,100321.61,100295.55,100318.61,5
2025-01-02T16:16:00+00:00,100318.61,100341.67,100315.61,100338.67,5
2025-01-02T16:17:00+00:00,100338.67,100361.74,100335.67,100358.74,5
2025-01-02T16:18:00+00:00,100358.74,100381.81,100355.74,100378.81,5
2025-01-02T16:19:00+00:00,100378.81,100401.89,100375.81,100398.89,5
2025-01-02T16:20:00+00:00,100398.89,100421.97,100395.89,100418.97,5
2025-01-02T16:21:00+00:00,100418.97,100442.05,100415.97,100439.05,5
2025-01-02T16:22:00+00:00,100439.05,100462.14,100436.05,100459.14,5
2025-01-02T16:23:00+00:00,100459.14,100482.23,100456.14,100479.23,5
2025-01-02T16:24:00+00:00,100479.23,100502.33,100476.23,100499.33,5
2025-01-02T16:25:00+00:00,100499.33,100522.43,100496.33,100519.43,5
2025-01-02T16:26:00+00:00,100519.43,100542.53,100516.43,100539.53,5
2025-01-02T16:27:00+00:00,100539.53,100562.64,100536.53,100559.64,5
2025-01-02T16:28:00+00:00,100559.64,100582.75,100556.64,100579.75,5
2025-01-02T16:29:00+00:00,100579.75,100602.87,100576.75,100599.87,5
2025-01-02T16:30:00+00:00,100599.87,100622.99,100596.87,100619.99,5
2025-01-02T16:31:00+00:00,100619.99,100643.11,100616.99,100640.11,5
2025-01-02T16:32:00+00:00,100640.11,100663.24,100637.11,100660.24,5
2025-01-02T16:33:00+00:00,100660.24,100683.37,100657.24,100680.37,5
2025-01-02T16:34:00+00:00,100680.37,100703.51,100677.37,100700.51,5
2025-01-02T16:35:00+00:00,100700.51,100723.65,100697.51,100720.65,5
2025-01-02T16:36:00+00:00,100720.65,100743.79,100717.65,100740.79,5
2025-01-02T16:37:00+00:00,100740.79,100763.94,100737.79,100760.94,5
2025-01-02T16:38:00+00:00,100760.94,100784.09,100757.94,100781.09,5
2025-01-02T16:39:00+00:00,100781.09,100804.25,100778.09,100801.25,5
2025-01-02T16:40:00+00:00,100801.25,100824.41,100798.25,100821.41,5
2025-01-02T16:41:00+00:00,100821.41,100844.57,100818.41,100841.57,5
2025-01-02T16:42:00+00:00,100841.57,100864.74,100838.57,100861.74,5
2025-01-02T16:43:00+00:00,100861.74,100884.91,100858.74,100881.91,5
2025-01-02T16:44:00+00:00,100881.91,100905.09,100878.91,100902.09,5
2025-01-02T16:45:00+00:00,100902.09,100925.27,100899.09,100922.27,5
2025-01-02T16:46:00+00:00,100922.27,100945.45,100919.27,100942.45,5
2025-01-02T16:47:00+00:00,100942.45,100965.64,100939.45,100962.64,5
2025-01-02T16:48:00+00:00,100962.64,100985.83,100959.64,100982.83,5
2025-01-02T16:49:00+00:00,100982.83,101006.03,100979.83,101003.03,5
2025-01-02T16:50:00+00:00,101003.03,101026.23,101000.03,101023.23,5
2025-01-02T16:51:00+00:00,101023.23,101046.43,101020.23,101043.43,5
2025-01-02T16:52:00+00:00,101043.43,101066.64,101040.43,101063.64,5
2025-01-02T16:53:00+00:00,101063.64,101086.85,101060.64,101083.85,5
2025-01-02T16:54:00+00:00,101083.85,101107.07,101080.85,101104.07,5
2025-01-02T16:55:00+00:00,101104.07,101127.29,101101.07,101124.29,5
2025-01-02T16:56:00+00:00,101124.29,101147.51,101121.29,101144.51,5
2025-01-02T16:57:00+00:00,101144.51,101167.74,101141.51,101164.74,5
2025-01-02T16:58:00+00:00,101164.74,101187.97,101161.74,101184.97,5
2025-01-02T16:59:00+00:00,101184.97,101208.21,101181.97,101205.21,5
2025-01-02T17:00:00+00:00,101205.21,101228.45,101202.21,101225.45,2
2025-01-02T17:01:00+00:00,101225.45,101248.70,101222.45,101245.70,2
2025-01-02T17:02:00+00:00,101245.70,101268.95,101242.70,101265.95,2
2025-01-02T17:03:00+00:00,101265.95,101289.20,101262.95,101286.20,2
2025-01-02T17:04:00+00:00,101286.20,101309.46,101283.20,101306.46,2
2025-01-02T17:05:00+00:00,101306.46,101329.72,101303.46,101326.72,2
2025-01-02T17:06:00+00:00,101326.72,101349.99,101323.72,101346.99,2
2025-01-02T17:07:00+00:00,101346.99,101370.26,101343.99,101367.26,2
2025-01-02T17:08:00+00:00,101367.26,101390.53,101364.26,101387.53,2
2025-01-02T17:09:00+00:00,101387.53,101410.81,101384.53,101407.81,2
2025-01-02T17:10:00+00:00,101407.81,101431.09,101404.81,101428.09,2
2025-01-02T17:11:00+00:00,101428.09,101451.38,101425.09,101448.38,2
2025-01-02T17:12:00+00:00,101448.38,101471.67,101445.38,101468.67,2
2025-01-02T17:13:00+00:00,101468.67,101491.96,101465.67,101488.96,2
2025-01-02T17:14:00+00:00,101488.96,101512.26,101485.96,101509.26,2
2025-01-02T17:15:00+00:00,101509.26,101532.56,101506.26,101529.56,2
2025-01-02T17:16:00+00:00,101529.56,101552.87,101526.56,101549.87,2
2025-01-02T17:17:00+00:00,101549.87,101573.18,101546.87,101570.18,2
2025-01-02T17:18:00+00:00,101570.18,101593.49,101567.18,101590.49,2
2025-01-02T17:19:00+00:00,101590.49,101613.81,101587.49,101610.81,2
2025-01-02T17:20:00+00:00,101610.81,101634.13,101607.81,101631.13,2
2025-01-02T17:21:00+00:00,101631.13,101654.46,101628.13,101651.46,2
2025-01-02T17:22:00+00:00,101651.46,101674.79,101648.46,101671.79,2
2025-01-02T17:23:00+00:00,101671.79,101695.12,101668.79,101692.12,2
2025-01-02T17:24:00+00:00,101692.12,101715.46,101689.12,101712.46,2
2025-01-02T17:25:00+00:00,101712.46,101735.80,101709.46,101732.80,2
2025-01-02T17:26:00+00:00,101732.80,101756.15,101729.80,101753.15,2
2025-01-02T17:27:00+00:00,101753.15,101776.50,101750.15,101773.50,2
2025-01-02T17:28:00+00:00,101773.50,101796.85,101770.50,101793.85,2
2025-01-02T17:29:00+00:00,101793.85,101817.21,101790.85,101814.21,2
2025-01-02T17:30:00+00:00,101814.21,101837.57,101811.21,101834.57,2
2025-01-02T17:31:00+00:00,101834.57,101857.94,101831.57,101854.94,2
2025-01-02T17:32:00+00:00,101854.94,101878.31,101851.94,101875.31,2
2025-01-02T17:33:00+00:00,101875.31,101898.69,101872.31,101895.69,2
2025-01-02T17:34:00+00:00,101895.69,101919.07,101892.69,101916.07,2
2025-01-02T17:35:00+00:00,101916.07,101939.45,101913.07,101936.45,2
2025-01-02T17:36:00+00:00,101936.45,101959.84,101933.45,101956.84,2
2025-01-02T17:37:00+00:00,101956.84,101980.23,101953.84,101977.23,2
2025-01-02T17:38:00+00:00,101977.23,102000.63,101974.23,101997.63,2
2025-01-02T17:39:00+00:00,101997.63,102021.03,101994.63,102018.03,2
2025-01-02T17:40:00+00:00,102018.03,102041.43,102015.03,102038.43,2
2025-01-02T17:41:00+00:00,102038.43,102061.84,102035.43,102058.84,2
2025-01-02T17:42:00+00:00,102058.84,102082.25,102055.84,102079.25,2
2025-01-02T17:43:00+00:00,102079.25,102102.67,102076.25,102099.67,2
2025-01-02T17:44:00+00:00,102099.67,102123.09,102096.67,102120.09,2
2025-01-02T17:45:00+00:00,102120.09,102143.51,102117.09,102140.51,2
2025-01-02T17:46:00+00:00,102140.51,102163.94,102137.51,102160.94,2
2025-01-02T17:47:00+00:00,102160.94,102184.37,102157.94,102181.37,2
2025-01-02T17:48:00+00:00,102181.37,102204.81,102178.37,102201.81,2
2025-01-02T17:49:00+00:00,102201.81,102225.25,102198.81,102222.25,2
2025-01-02T17:50:00+00:00,102222.25,102245.69,102219.25,102242.69,2
2025-01-02T17:51:00+00:00,102242.69,102266.14,102239.69,102263.14,2
2025-01-02T17:52:00+00:00,102263.14,102286.59,102260.14,102283.59,2
2025-01-02T17:53:00+00:00,102283.59,102307.05,102280.59,102304.05,2
2025-01-02T17:54:00+00:00,102304.05,102327.51,102301.05,102324.51,2
2025-01-02T17:55:00+00:00,102324.51,102347.97,102321.51,102344.97,2
2025-01-02T17:56:00+00:00,102344.97,102368.44,102341.97,102365.44,2
2025-01-02T17:57:00+00:00,102365.44,102388.91,102362.44,102385.91,2
2025-01-02T17:58:00+00:00,102385.91,102409.39,102382.91,102406.39,2
2025-01-02T17:59:00+00:00,102406.39,102429.87,102403.39,102426.87,2
2025-01-02T18:00:00+00:00,102426.87,102429.87,102396.56,102399.56,5
2025-01-02T18:01:00+00:00,102399.56,102402.56,102369.25,102372.25,5
2025-01-02T18:02:00+00:00,102372.25,102375.25,102341.95,102344.95,5
2025-01-02T18:03:00+00:00,102344.95,102347.95,102314.66,102317.66,5
2025-01-02T18:04:00+00:00,102317.66,102320.66,102287.38,102290.38,5
2025-01-02T18:05:00+00:00,102290.38,102293.38,102260.10,102263.10,5
2025-01-02T18:06:00+00:00,102263.10,102266.10,102232.83,102235.83,5
2025-01-02T18:07:00+00:00,102235.83,102238.83,102205.57,102208.57,5
2025-01-02T18:08:00+00:00,102208.57,102211.57,102178.31,102181.31,5
2025-01-02T18:09:00+00:00,102181.31,102184.31,102151.06,102154.06,5
2025-01-02T18:10:00+00:00,102154.06,102157.06,102123.82,102126.82,5
2025-01-02T18:11:00+00:00,102126.82,102129.82,102096.59,102099.59,5
2025-01-02T18:12:00+00:00,102099.59,102102.59,102069.36,102072.36,5
2025-01-02T18:13:00+00:00,102072.36,102075.36,102042.14,102045.14,5
2025-01-02T18:14:00+00:00,102045.14,102048.14,102014.93,102017.93,5
2025-01-02T18:15:00+00:00,102017.93,102020.93,101987.73,101990.73,5
2025-01-02T18:16:00+00:00,101990.73,101993.73,101960.53,101963.53,5
2025-01-02T18:17:00+00:00,101963.53,101966.53,101933.34,101936.34,5
2025-01-02T18:18:00+00:00,101936.34,101939.34,101906.16,101909.16,5
2025-01-02T18:19:00+00:00,101909.16,101912.16,101878.98,101881.98,5
2025-01-02T18:20:00+00:00,101881.98,101884.98,101851.81,101854.81,5
2025-01-02T18:21:00+00:00,101854.81,101857.81,101824.65,101827.65,5
2025-01-02T18:22:00+00:00,101827.65,101830.65,101797.50,101800.50,5
2025-01-02T18:23:00+00:00,101800.50,101803.50,101770.35,101773.35,5
2025-01-02T18:24:00+00:00,101773.35,101776.35,101743.21,101746.21,5
2025-01-02T18:25:00+00:00,101746.21,101749.21,101716.08,101719.08,5
2025-01-02T18:26:00+00:00,101719.08,101722.08,101688.95,101691.95,5
2025-01-02T18:27:00+00:00,101691.95,101694.95,101661.83,101664.83,5
2025-01-02T18:28:00+00:00,101664.83,101667.83,101634.72,101637.72,5
2025-01-02T18:29:00+00:00,101637.72,101640.72,101607.62,101610.62,5
2025-01-02T18:30:00+00:00,101610.62,101613.62,101580.52,101583.52,5
2025-01-02T18:31:00+00:00,101583.52,101586.52,101553.43,101556.43,5
2025-01-02T18:32:00+00:00,101556.43,101559.43,101526.35,101529.35,5
2025-01-02T18:33:00+00:00,101529.35,101532.35,101499.28,101502.28,5
2025-01-02T18:34:00+00:00,101502.28,101505.28,101472.21,101475.21,5
2025-01-02T18:35:00+00:00,101475.21,101478.21,101445.15,101448.15,5
2025-01-02T18:36:00+00:00,101448.15,101451.15,101418.10,101421.10,5
2025-01-02T18:37:00+00:00,101421.10,101424.10,101391.05,101394.05,5
2025-01-02T18:38:00+00:00,101394.05,101397.05,101364.01,101367.01,5
2025-01-02T18:39:00+00:00,101367.01,101370.01,101336.98,101339.98,5
2025-01-02T18:40:00+00:00,101339.98,101342.98,101309.96,101312.96,5
2025-01-02T18:41:00+00:00,101312.96,101315.96,101282.94,101285.94,5
2025-01-02T18:42:00+00:00,101285.94,101288.94,101255.93,101258.93,5
2025-01-02T18:43:00+00:00,101258.93,101261.93,101228.93,101231.93,5
2025-01-02T18:44:00+00:00,101231.93,101234.93,101201.93,101204.93,5
2025-01-02T18:45:00+00:00,101204.93,101207.93,101174.94,101177.94,5
2025-01-02T18:46:00+00:00,101177.94,101180.94,101147.96,101150.96,5
2025-01-02T18:47:00+00:00,101150.96,101153.96,101120.99,101123.99,5
2025-01-02T18:48:00+00:00,101123.99,101126.99,101094.02,101097.02,5
2025-01-02T18:49:00+00:00,101097.02,101100.02,101067.06,101070.06,5
2025-01-02T18:50:00+00:00,101070.06,101073.06,101040.11,101043.11,5
2025-01-02T18:51:00+00:00,101043.11,101046.11,101013.17,101016.17,5
2025-01-02T18:52:00+00:00,101016.17,101019.17,100986.23,100989.23,5
2025-01-02T18:53:00+00:00,100989.23,100992.23,100959.30,100962.30,5
2025-01-02T18:54:00+00:00,100962.30,100965.30,100932.38,100935.38,5
2025-01-02T18:55:00+00:00,100935.38,100938.38,100905.46,100908.46,5
2025-01-02T18:56:00+00:00,100908.46,100911.46,100878.55,100881.55,5
2025-01-02T18:57:00+00:00,100881.55,100884.55,100851.65,100854.65,5
2025-01-02T18:58:00+00:00,100854.65,100857.65,100824.76,100827.76,5
2025-01-02T18:59:00+00:00,100827.76,100830.76,100797.87,100800.87,5
2025-01-02T19:00:00+00:00,100800.87,100810.59,100797.87,100807.59,2
2025-01-02T19:01:00+00:00,100807.59,100817.31,100804.59,100814.31,2
2025-01-02T19:02:00+00:00,100814.31,100824.03,100811.31,100821.03,2
2025-01-02T19:03:00+00:00,100821.03,100830.75,100818.03,100827.75,2
2025-01-02T19:04:00+00:00,100827.75,100837.47,100824.75,100834.47,2
2025-01-02T19:05:00+00:00,100834.47,100844.19,100831.47,100841.19,2
2025-01-02T19:06:00+00:00,100841.19,100850.91,100838.19,100847.91,2
2025-01-02T19:07:00+00:00,100847.91,100857.63,100844.91,100854.63,2
2025-01-02T19:08:00+00:00,100854.63,100864.35,100851.63,100861.35,2
2025-01-02T19:09:00+00:00,100861.35,100871.07,100858.35,100868.07,2
2025-01-02T19:10:00+00:00,100868.07,100877.79,100865.07,100874.79,2
2025-01-02T19:11:00+00:00,100874.79,100884.51,100871.79,100881.51,2
2025-01-02T19:12:00+00:00,100881.51,100891.24,100878.51,100888.24,2
2025-01-02T19:13:00+00:00,100888.24,100897.97,100885.24,100894.97,2
2025-01-02T19:14:00+00:00,100894.97,100904.70,100891.97,100901.70,2
2025-01-02T19:15:00+00:00,100901.70,100911.43,100898.70,100908.43,2
2025-01-02T19:16:00+00:00,100908.43,100918.16,100905.43,100915.16,2
2025-01-02T19:17:00+00:00,100915.16,100924.89,100912.16,100921.89,2
2025-01-02T19:18:00+00:00,100921.89,100931.62,100918.89,100928.62,2
2025-01-02T19:19:00+00:00,100928.62,100938.35,100925.62,100935.35,2
2025-01-02T19:20:00+00:00,100935.35,100945.08,100932.35,100942.08,2
2025-01-02T19:21:00+00:00,100942.08,100951.81,100939.08,100948.81,2
2025-01-02T19:22:00+00:00,100948.81,100958.54,100945.81,100955.54,2
2025-01-02T19:23:00+00:00,100955.54,100965.27,100952.54,100962.27,2
2025-01-02T19:24:00+00:00,100962.27,100972.00,100959.27,100969.00,2
2025-01-02T19:25:00+00:00,100969.00,100978.73,100966.00,100975.73,2
2025-01-02T19:26:00+00:00,100975.73,100985.46,100972.73,100982.46,2
2025-01-02T19:27:00+00:00,100982.46,100992.19,100979.46,100989.19,2
2025-01-02T19:28:00+00:00,100989.19,100998.92,100986.19,100995.92,2
2025-01-02T19:29:00+00:00,100995.92,101005.65,100992.92,101002.65,2
2025-01-02T19:30:00+00:00,101002.65,101012.38,100999.65,101009.38,2
2025-01-02T19:31:00+00:00,101009.38,101019.11,101006.38,101016.11,2
2025-01-02T19:32:00+00:00,101016.11,101025.84,101013.11,101022.84,2
2025-01-02T19:33:00+00:00,101022.84,101032.57,101019.84,101029.57,2
2025-01-02T19:34:00+00:00,101029.57,101039.31,101026.57,101036.31,2
2025-01-02T19:35:00+00:00,101036.31,101046.05,101033.31,101043.05,2
2025-01-02T19:36:00+00:00,101043.05,101052.79,101040.05,101049.79,2
2025-01-02T19:37:00+00:00,101049.79,101059.53,101046.79,101056.53,2
2025-01-02T19:38:00+00:00,101056.53,101066.27,101053.53,101063.27,2
2025-01-02T19:39:00+00:00,101063.27,101073.01,101060.27,101070.01,2
2025-01-02T19:40:00+00:00,101070.01,101079.75,101067.01,101076.75,2
2025-01-02T19:41:00+00:00,101076.75,101086.49,101073.75,101083.49,2
2025-01-02T19:42:00+00:00,101083.49,101093.23,101080.49,101090.23,2
2025-01-02T19:43:00+00:00,101090.23,101099.97,101087.23,101096.97,2
2025-01-02T19:44:00+00:00,101096.97,101106.71,101093.97,101103.71,2
2025-01-02T19:45:00+00:00,101103.71,101113.45,101100.71,101110.45,2
2025-01-02T19:46:00+00:00,101110.45,101120.19,101107.45,101117.19,2
2025-01-02T19:47:00+00:00,101117.19,101126.93,101114.19,101123.93,2
2025-01-02T19:48:00+00:00,101123.93,101133.67,101120.93,101130.67,2
2025-01-02T19:49:00+00:00,101130.67,101140.41,101127.67,101137.41,2
2025-01-02T19:50:00+00:00,101137.41,101147.15,101134.41,101144.15,2
2025-01-02T19:51:00+00:00,101144.15,101153.89,101141.15,101150.89,2
2025-01-02T19:52:00+00:00,101150.89,101160.63,101147.89,101157.63,2
2025-01-02T19:53:00+00:00,101157.63,101167.37,101154.63,101164.37,2
2025-01-02T19:54:00+00:00,101164.37,101174.11,101161.37,101171.11,2
2025-01-02T19:55:00+00:00,101171.11,101180.85,101168.11,101177.85,2
2025-01-02T19:56:00+00:00,101177.85,101187.60,101174.85,101184.60,2
2025-01-02T19:57:00+00:00,101184.60,101194.35,101181.60,101191.35,2
2025-01-02T19:58:00+00:00,101191.35,101201.10,101188.35,101198.10,2
2025-01-02T19:59:00+00:00,101198.10,101207.85,101195.10,101204.85,2
2025-01-02T20:00:00+00:00,101204.85,101207.85,101181.61,101184.61,5
2025-01-02T20:01:00+00:00,101184.61,101187.61,101161.37,101164.37,5
2025-01-02T20:02:00+00:00,101164.37,101167.37,101141.14,101144.14,5
2025-01-02T20:03:00+00:00,101144.14,101147.14,101120.91,101123.91,5
2025-01-02T20:04:00+00:00,101123.91,101126.91,101100.69,101103.69,5
2025-01-02T20:05:00+00:00,101103.69,101106.69,101080.47,101083.47,5
2025-01-02T20:06:00+00:00,101083.47,101086.47,101060.25,101063.25,5
2025-01-02T20:07:00+00:00,101063.25,101066.25,101040.04,101043.04,5
2025-01-02T20:08:00+00:00,101043.04,101046.04,101019.83,101022.83,5
2025-01-02T20:09:00+00:00,101022.83,101025.83,100999.63,101002.63,5
2025-01-02T20:10:00+00:00,101002.63,101005.63,100979.43,100982.43,5
2025-01-02T20:11:00+00:00,100982.43,100985.43,100959.23,100962.23,5
2025-01-02T20:12:00+00:00,100962.23,100965.23,100939.04,100942.04,5
2025-01-02T20:13:00+00:00,100942.04,100945.04,100918.85,100921.85,5
2025-01-02T20:14:00+00:00,100921.85,100924.85,100898.67,100901.67,5
2025-01-02T20:15:00+00:00,100901.67,100904.67,100878.49,100881.49,5
2025-01-02T20:16:00+00:00,100881.49,100884.49,100858.31,100861.31,5
2025-01-02T20:17:00+00:00,100861.31,100864.31,100838.14,100841.14,5
2025-01-02T20:18:00+00:00,100841.14,100844.14,100817.97,100820.97,5
2025-01-02T20:19:00+00:00,100820.97,100823.97,100797.81,100800.81,5
2025-01-02T20:20:00+00:00,100800.81,100803.81,100777.65,100780.65,5
2025-01-02T20:21:00+00:00,100780.65,100783.65,100757.49,100760.49,5
2025-01-02T20:22:00+00:00,100760.49,100763.49,100737.34,100740.34,5
2025-01-02T20:23:00+00:00,100740.34,100743.34,100717.19,100720.19,5
2025-01-02T20:24:00+00:00,100720.19,100723.19,100697.05,100700.05,5
2025-01-02T20:25:00+00:00,100700.05,100703.05,100676.91,100679.91,5
2025-01-02T20:26:00+00:00,100679.91,100682.91,100656.77,100659.77,5
2025-01-02T20:27:00+00:00,100659.77,100662.77,100636.64,100639.64,5
2025-01-02T20:28:00+00:00,100639.64,100642.64,100616.51,100619.51,5
2025-01-02T20:29:00+00:00,100619.51,100622.51,100596.39,100599.39,5
2025-01-02T20:30:00+00:00,100599.39,100602.39,100576.27,100579.27,5
2025-01-02T20:31:00+00:00,100579.27,100582.27,100556.15,100559.15,5
2025-01-02T20:32:00+00:00,100559.15,100562.15,100536.04,100539.04,5
2025-01-02T20:33:00+00:00,100539.04,100542.04,100515.93,100518.93,5
2025-01-02T20:34:00+00:00,100518.93,100521.93,100495.83,100498.83,5
2025-01-02T20:35:00+00:00,100498.83,100501.83,100475.73,100478.73,5
2025-01-02T20:36:00+00:00,100478.73,100481.73,100455.63,100458.63,5
2025-01-02T20:37:00+00:00,100458.63,100461.63,100435.54,100438.54,5
2025-01-02T20:38:00+00:00,100438.54,100441.54,100415.45,100418.45,5
2025-01-02T20:39:00+00:00,100418.45,100421.45,100395.37,100398.37,5
2025-01-02T20:40:00+00:00,100398.37,100401.37,100375.29,100378.29,5
2025-01-02T20:41:00+00:00,100378.29,100381.29,100355.21,100358.21,5
2025-01-02T20:42:00+00:00,100358.21,100361.21,100335.14,100338.14,5
2025-01-02T20:43:00+00:00,100338.14,100341.14,100315.07,100318.07,5
2025-01-02T20:44:00+00:00,100318.07,100321.07,100295.01,100298.01,5
2025-01-02T20:45:00+00:00,100298.01,100301.01,100274.95,100277.95,5
2025-01-02T20:46:00+00:00,100277.95,100280.95,100254.89,100257.89,5
2025-01-02T20:47:00+00:00,100257.89,100260.89,100234.84,100237.84,5
2025-01-02T20:48:00+00:00,100237.84,100240.84,100214.79,100217.79,5
2025-01-02T20:49:00+00:00,100217.79,100220.79,100194.75,100197.75,5
2025-01-02T20:50:00+00:00,100197.75,100200.75,100174.71,100177.71,5
2025-01-02T20:51:00+00:00,100177.71,100180.71,100154.67,100157.67,5
2025-01-02T20:52:00+00:00,100157.67,100160.67,100134.64,100137.64,5
2025-01-02T20:53:00+00:00,100137.64,100140.64,100114.61,100117.61,5
2025-01-02T20:54:00+00:00,100117.61,100120.61,100094.59,100097.59,5
2025-01-02T20:55:00+00:00,100097.59,100100.59,100074.57,100077.57,5
2025-01-02T20:56:00+00:00,100077.57,100080.57,100054.55,100057.55,5
2025-01-02T20:57:00+00:00,100057.55,100060.55,100034.54,100037.54,5
2025-01-02T20:58:00+00:00,100037.54,100040.54,100014.53,100017.53,5
2025-01-02T20:59:00+00:00,100017.53,100020.53,99994.53,99997.53,5
2025-01-02T21:00:00+00:00,99997.53,100000.53,99974.53,99977.53,2
2025-01-02T21:01:00+00:00,99977.53,99980.53,99954.53,99957.53,2
2025-01-02T21:02:00+00:00,99957.53,99960.53,99934.54,99937.54,2
2025-01-02T21:03:00+00:00,99937.54,99940.54,99914.55,99917.55,2
2025-01-02T21:04:00+00:00,99917.55,99920.55,99894.57,99897.57,2
2025-01-02T21:05:00+00:00,99897.57,99900.57,99874.59,99877.59,2
2025-01-02T21:06:00+00:00,99877.59,99880.59,99854.61,99857.61,2
2025-01-02T21:07:00+00:00,99857.61,99860.61,99834.64,99837.64,2
2025-01-02T21:08:00+00:00,99837.64,99840.64,99814.67,99817.67,2
2025-01-02T21:09:00+00:00,99817.67,99820.67,99794.71,99797.71,2
2025-01-02T21:10:00+00:00,99797.71,99800.71,99774.75,99777.75,2
2025-01-02T21:11:00+00:00,99777.75,99780.75,99754.79,99757.79,2
2025-01-02T21:12:00+00:00,99757.79,99760.79,99734.84,99737.84,2
2025-01-02T21:13:00+00:00,99737.84,99740.84,99714.89,99717.89,2
2025-01-02T21:14:00+00:00,99717.89,99720.89,99694.95,99697.95,2
2025-01-02T21:15:00+00:00,99697.95,99700.95,99675.01,99678.01,2
2025-01-02T21:16:00+00:00,99678.01,99681.01,99655.07,99658.07,2
2025-01-02T21:17:00+00:00,99658.07,99661.07,99635.14,99638.14,2
2025-01-02T21:18:00+00:00,99638.14,99641.14,99615.21,99618.21,2
2025-01-02T21:19:00+00:00,99618.21,99621.21,99595.29,99598.29,2
2025-01-02T21:20:00+00:00,99598.29,99601.29,99575.37,99578.37,2
2025-01-02T21:21:00+00:00,99578.37,99581.37,99555.45,99558.45,2
2025-01-02T21:22:00+00:00,99558.45,99561.45,99535.54,99538.54,2
2025-01-02T21:23:00+00:00,99538.54,99541.54,99515.63,99518.63,2
2025-01-02T21:24:00+00:00,99518.63,99521.63,99495.73,99498.73,2
2025-01-02T21:25:00+00:00,99498.73,99501.73,99475.83,99478.83,2
2025-01-02T21:26:00+00:00,99478.83,99481.83,99455.93,99458.93,2
2025-01-02T21:27:00+00:00,99458.93,99461.93,99436.04,99439.04,2
2025-01-02T21:28:00+00:00,99439.04,99442.04,99416.15,99419.15,2
2025-01-02T21:29:00+00:00,99419.15,99422.15,99396.27,99399.27,2
2025-01-02T21:30:00+00:00,99399.27,99402.27,99376.39,99379.39,2
2025-01-02T21:31:00+00:00,99379.39,99382.39,99356.51,99359.51,2
2025-01-02T21:32:00+00:00,99359.51,99362.51,99336.64,99339.64,2
2025-01-02T21:33:00+00:00,99339.64,99342.64,99316.77,99319.77,2
2025-01-02T21:34:00+00:00,99319.77,99322.77,99296.91,99299.91,2
2025-01-02T21:35:00+00:00,99299.91,99302.91,99277.05,99280.05,2
2025-01-02T21:36:00+00:00,99280.05,99283.05,99257.19,99260.19,2
2025-01-02T21:37:00+00:00,99260.19,99263.19,99237.34,99240.34,2
2025-01-02T21:38:00+00:00,99240.34,99243.34,99217.49,99220.49,2
2025-01-02T21:39:00+00:00,99220.49,99223.49,99197.65,99200.65,2
2025-01-02T21:40:00+00:00,99200.65,99203.65,99177.81,99180.81,2
2025-01-02T21:41:00+00:00,99180.81,99183.81,99157.97,99160.97,2
2025-01-02T21:42:00+00:00,99160.97,99163.97,99138.14,99141.14,2
2025-01-02T21:43:00+00:00,99141.14,99144.14,99118.31,99121.31,2
2025-01-02T21:44:00+00:00,99121.31,99124.31,99098.49,99101.49,2
2025-01-02T21:45:00+00:00,99101.49,99104.49,99078.67,99081.67,2
2025-01-02T21:46:00+00:00,99081.67,99084.67,99058.85,99061.85,2
2025-01-02T21:47:00+00:00,99061.85,99064.85,99039.04,99042.04,2
2025-01-02T21:48:00+00:00,99042.04,99045.04,99019.23,99022.23,2
2025-01-02T21:49:00+00:00,99022.23,99025.23,98999.43,99002.43,2
2025-01-02T21:50:00+00:00,99002.43,99005.43,98979.63,98982.63,2
2025-01-02T21:51:00+00:00,98982.63,98985.63,98959.83,98962.83,2
2025-01-02T21:52:00+00:00,98962.83,98965.83,98940.04,98943.04,2
2025-01-02T21:53:00+00:00,98943.04,98946.04,98920.25,98923.25,2
2025-01-02T21:54:00+00:00,98923.25,98926.25,98900.47,98903.47,2
2025-01-02T21:55:00+00:00,98903.47,98906.47,98880.69,98883.69,2
2025-01-02T21:56:00+00:00,98883.69,98886.69,98860.91,98863.91,2
2025-01-02T21:57:00+00:00,98863.91,98866.91,98841.14,98844.14,2
2025-01-02T21:58:00+00:00,98844.14,98847.14,98821.37,98824.37,2
2025-01-02T21:59:00+00:00,98824.37,98827.37,98801.61,98804.61,2
2025-01-02T22:00:00+00:00,98804.61,98833.96,98801.61,98830.96,5
2025-01-02T22:01:00+00:00,98830.96,98860.31,98827.96,98857.31,5
2025-01-02T22:02:00+00:00,98857.31,98886.67,98854.31,98883.67,5
2025-01-02T22:03:00+00:00,98883.67,98913.04,98880.67,98910.04,5
2025-01-02T22:04:00+00:00,98910.04,98939.42,98907.04,98936.42,5
2025-01-02T22:05:00+00:00,98936.42,98965.80,98933.42,98962.80,5
2025-01-02T22:06:00+00:00,98962.80,98992.19,98959.80,98989.19,5
2025-01-02T22:07:00+00:00,98989.19,99018.59,98986.19,99015.59,5
2025-01-02T22:08:00+00:00,99015.59,99044.99,99012.59,99041.99,5
2025-01-02T22:09:00+00:00,99041.99,99071.40,99038.99,99068.40,5
2025-01-02T22:10:00+00:00,99068.40,99097.82,99065.40,99094.82,5
2025-01-02T22:11:00+00:00,99094.82,99124.25,99091.82,99121.25,5
2025-01-02T22:12:00+00:00,99121.25,99150.68,99118.25,99147.68,5
2025-01-02T22:13:00+00:00,99147.68,99177.12,99144.68,99174.12,5
2025-01-02T22:14:00+00:00,99174.12,99203.57,99171.12,99200.57,5
2025-01-02T22:15:00+00:00,99200.57,99230.02,99197.57,99227.02,5
2025-01-02T22:16:00+00:00,99227.02,99256.48,99224.02,99253.48,5
2025-01-02T22:17:00+00:00,99253.48,99282.95,99250.48,99279.95,5
2025-01-02T22:18:00+00:00,99279.95,99309.42,99276.95,99306.42,5
2025-01-02T22:19:00+00:00,99306.42,99335.90,99303.42,99332.90,5
2025-01-02T22:20:00+00:00,99332.90,99362.39,99329.90,99359.39,5
2025-01-02T22:21:00+00:00,99359.39,99388.89,99356.39,99385.89,5
2025-01-02T22:22:00+00:00,99385.89,99415.39,99382.89,99412.39,5
2025-01-02T22:23:00+00:00,99412.39,99441.90,99409.39,99438.90,5
2025-01-02T22:24:00+00:00,99438.90,99468.42,99435.90,99465.42,5
2025-01-02T22:25:00+00:00,99465.42,99494.94,99462.42,99491.94,5
2025-01-02T22:26:00+00:00,99491.94,99521.47,99488.94,99518.47,5
2025-01-02T22:27:00+00:00,99518.47,99548.01,99515.47,99545.01,5
2025-01-02T22:28:00+00:00,99545.01,99574.56,99542.01,99571.56,5
2025-01-02T22:29:00+00:00,99571.56,99601.11,99568.56,99598.11,5
2025-01-02T22:30:00+00:00,99598.11,99627.67,99595.11,99624.67,5
2025-01-02T22:31:00+00:00,99624.67,99654.24,99621.67,99651.24,5
2025-01-02T22:32:00+00:00,99651.24,99680.81,99648.24,99677.81,5
2025-01-02T22:33:00+00:00,99677.81,99707.39,99674.81,99704.39,5
2025-01-02T22:34:00+00:00,99704.39,99733.98,99701.39,99730.98,5
2025-01-02T22:35:00+00:00,99730.98,99760.57,99727.98,99757.57,5
2025-01-02T22:36:00+00:00,99757.57,99787.17,99754.57,99784.17,5
2025-01-02T22:37:00+00:00,99784.17,99813.78,99781.17,99810.78,5
2025-01-02T22:38:00+00:00,99810.78,99840.40,99807.78,99837.40,5
2025-01-02T22:39:00+00:00,99837.40,99867.02,99834.40,99864.02,5
2025-01-02T22:40:00+00:00,99864.02,99893.65,99861.02,99890.65,5
2025-01-02T22:41:00+00:00,99890.65,99920.29,99887.65,99917.29,5
2025-01-02T22:42:00+00:00,99917.29,99946.93,99914.29,99943.93,5
2025-01-02T22:43:00+00:00,99943.93,99973.58,99940.93,99970.58,5
2025-01-02T22:44:00+00:00,99970.58,100000.24,99967.58,99997.24,5
2025-01-02T22:45:00+00:00,99997.24,100026.91,99994.24,100023.91,5
2025-01-02T22:46:00+00:00,100023.91,100053.58,100020.91,100050.58,5
2025-01-02T22:47:00+00:00,100050.58,100080.26,100047.58,100077.26,5
2025-01-02T22:48:00+00:00,100077.26,100106.95,100074.26,100103.95,5
2025-01-02T22:49:00+00:00,100103.95,100133.64,100100.95,100130.64,5
2025-01-02T22:50:00+00:00,100130.64,100160.34,100127.64,100157.34,5
2025-01-02T22:51:00+00:00,100157.34,100187.05,100154.34,100184.05,5
2025-01-02T22:52:00+00:00,100184.05,100213.77,100181.05,100210.77,5
2025-01-02T22:53:00+00:00,100210.77,100240.49,100207.77,100237.49,5
2025-01-02T22:54:00+00:00,100237.49,100267.22,100234.49,100264.22,5
2025-01-02T22:55:00+00:00,100264.22,100293.96,100261.22,100290.96,5
2025-01-02T22:56:00+00:00,100290.96,100320.70,100287.96,100317.70,5
2025-01-02T22:57:00+00:00,100317.70,100347.45,100314.70,100344.45,5
2025-01-02T22:58:00+00:00,100344.45,100374.21,100341.45,100371.21,5
2025-01-02T22:59:00+00:00,100371.21,100400.98,100368.21,100397.98,5
2025-01-02T23:00:00+00:00,100397.98,100400.98,100388.29,100391.29,2
2025-01-02T23:01:00+00:00,100391.29,100394.29,100381.60,100384.60,2
2025-01-02T23:02:00+00:00,100384.60,100387.60,100374.91,100377.91,2
2025-01-02T23:03:00+00:00,100377.91,100380.91,100368.22,100371.22,2
2025-01-02T23:04:00+00:00,100371.22,100374.22,100361.53,100364.53,2
2025-01-02T23:05:00+00:00,100364.53,100367.53,100354.84,100357.84,2
2025-01-02T23:06:00+00:00,100357.84,100360.84,100348.15,100351.15,2
2025-01-02T23:07:00+00:00,100351.15,100354.15,100341.46,100344.46,2
2025-01-02T23:08:00+00:00,100344.46,100347.46,100334.77,100337.77,2
2025-01-02T23:09:00+00:00,100337.77,100340.77,100328.08,100331.08,2
2025-01-02T23:10:00+00:00,100331.08,100334.08,100321.39,100324.39,2
2025-01-02T23:11:00+00:00,100324.39,100327.39,100314.70,100317.70,2
2025-01-02T23:12:00+00:00,100317.70,100320.70,100308.01,100311.01,2
2025-01-02T23:13:00+00:00,100311.01,100314.01,100301.32,100304.32,2
2025-01-02T23:14:00+00:00,100304.32,100307.32,100294.63,100297.63,2
2025-01-02T23:15:00+00:00,100297.63,100300.63,100287.94,100290.94,2
2025-01-02T23:16:00+00:00,100290.94,100293.94,100281.25,100284.25,2
2025-01-02T23:17:00+00:00,100284.25,100287.25,100274.56,100277.56,2
2025-01-02T23:18:00+00:00,100277.56,100280.56,100267.87,100270.87,2
2025-01-02T23:19:00+00:00,100270.87,100273.87,100261.19,100264.19,2
2025-01-02T23:20:00+00:00,100264.19,100267.19,100254.51,100257.51,2
2025-01-02T23:21:00+00:00,100257.51,100260.51,100247.83,100250.83,2
2025-01-02T23:22:00+00:00,100250.83,100253.83,100241.15,100244.15,2
2025-01-02T23:23:00+00:00,100244.15,100247.15,100234.47,100237.47,2
2025-01-02T23:24:00+00:00,100237.47,100240.47,100227.79,100230.79,2
2025-01-02T23:25:00+00:00,100230.79,100233.79,100221.11,100224.11,2
2025-01-02T23:26:00+00:00,100224.11,100227.11,100214.43,100217.43,2
2025-01-02T23:27:00+00:00,100217.43,100220.43,100207.75,100210.75,2
2025-01-02T23:28:00+00:00,100210.75,100213.75,100201.07,100204.07,2
2025-01-02T23:29:00+00:00,100204.07,100207.07,100194.39,100197.39,2
2025-01-02T23:30:00+00:00,100197.39,100200.39,100187.71,100190.71,2
2025-01-02T23:31:00+00:00,100190.71,100193.71,100181.03,100184.03,2
2025-01-02T23:32:00+00:00,100184.03,100187.03,100174.35,100177.35,2
2025-01-02T23:33:00+00:00,100177.35,100180.35,100167.67,100170.67,2
2025-01-02T23:34:00+00:00,100170.67,100173.67,100160.99,100163.99,2
2025-01-02T23:35:00+00:00,100163.99,100166.99,100154.31,100157.31,2
2025-01-02T23:36:00+00:00,100157.31,100160.31,100147.63,100150.63,2
2025-01-02T23:37:00+00:00,100150.63,100153.63,100140.95,100143.95,2
2025-01-02T23:38:00+00:00,100143.95,100146.95,100134.27,100137.27,2
2025-01-02T23:39:00+00:00,100137.27,100140.27,100127.59,100130.59,2
2025-01-02T23:40:00+00:00,100130.59,100133.59,100120.91,100123.91,2
2025-01-02T23:41:00+00:00,100123.91,100126.91,100114.24,100117.24,2
2025-01-02T23:42:00+00:00,100117.24,100120.24,100107.57,100110.57,2
2025-01-02T23:43:00+00:00,100110.57,100113.57,100100.90,100103.90,2
2025-01-02T23:44:00+00:00,100103.90,100106.90,100094.23,100097.23,2
2025-01-02T23:45:00+00:00,100097.23,100100.23,100087.56,100090.56,2
2025-01-02T23:46:00+00:00,100090.56,100093.56,100080.89,100083.89,2
2025-01-02T23:47:00+00:00,100083.89,100086.89,100074.22,100077.22,2
2025-01-02T23:48:00+00:00,100077.22,100080.22,100067.55,100070.55,2
2025-01-02T23:49:00+00:00,100070.55,100073.55,100060.88,100063.88,2
2025-01-02T23:50:00+00:00,100063.88,100066.88,100054.21,100057.21,2
2025-01-02T23:51:00+00:00,100057.21,100060.21,100047.54,100050.54,2
2025-01-02T23:52:00+00:00,100050.54,100053.54,100040.87,100043.87,2
2025-01-02T23:53:00+00:00,100043.87,100046.87,100034.20,100037.20,2
2025-01-02T23:54:00+00:00,100037.20,100040.20,100027.53,100030.53,2
2025-01-02T23:55:00+00:00,100030.53,100033.53,100020.86,100023.86,2
2025-01-02T23:56:00+00:00,100023.86,100026.86,100014.19,100017.19,2
2025-01-02T23:57:00+00:00,100017.19,100020.19,100007.52,100010.52,2
2025-01-02T23:58:00+00:00,100010.52,100013.52,100000.85,100003.85,2
2025-01-02T23:59:00+00:00,100003.85,100006.85,99994.18,99997.18,2
2025-01-03T00:00:00+00:00,99997.18,100020.18,99994.18,100017.18,5
2025-01-03T00:01:00+00:00,100017.18,100040.18,100014.18,100037.18,5
2025-01-03T00:02:00+00:00,100037.18,100060.19,100034.18,100057.19,5
2025-01-03T00:03:00+00:00,100057.19,100080.20,100054.19,100077.20,5
2025-01-03T00:04:00+00:00,100077.20,100100.22,100074.20,100097.22,5
2025-01-03T00:05:00+00:00,100097.22,100120.24,100094.22,100117.24,5
2025-01-03T00:06:00+00:00,100117.24,100140.26,100114.24,100137.26,5
2025-01-03T00:07:00+00:00,100137.26,100160.29,100134.26,100157.29,5
2025-01-03T00:08:00+00:00,100157.29,100180.32,100154.29,100177.32,5
2025-01-03T00:09:00+00:00,100177.32,100200.36,100174.32,100197.36,5
2025-01-03T00:10:00+00:00,100197.36,100220.40,100194.36,100217.40,5
2025-01-03T00:11:00+00:00,100217.40,100240.44,100214.40,100237.44,5
2025-01-03T00:12:00+00:00,100237.44,100260.49,100234.44,100257.49,5
2025-01-03T00:13:00+00:00,100257.49,100280.54,100254.49,100277.54,5
2025-01-03T00:14:00+00:00,100277.54,100300.60,100274.54,100297.60,5
2025-01-03T00:15:00+00:00,100297.60,100320.66,100294.60,100317.66,5
2025-01-03T00:16:00+00:00,100317.66,100340.72,100314.66,100337.72,5
2025-01-03T00:17:00+00:00,100337.72,100360.79,100334.72,100357.79,5
2025-01-03T00:18:00+00:00,100357.79,100380.86,100354.79,100377.86,5
2025-01-03T00:19:00+00:00,100377.86,100400.94,100374.86,100397.94,5
2025-01-03T00:20:00+00:00,100397.94,100421.02,100394.94,100418.02,5
2025-01-03T00:21:00+00:00,100418.02,100441.10,100415.02,100438.10,5
2025-01-03T00:22:00+00:00,100438.10,100461.19,100435.10,100458.19,5
2025-01-03T00:23:00+00:00,100458.19,100481.28,100455.19,100478.28,5
2025-01-03T00:24:00+00:00,100478.28,100501.38,100475.28,100498.38,5
2025-01-03T00:25:00+00:00,100498.38,100521.48,100495.38,100518.48,5
2025-01-03T00:26:00+00:00,100518.48,100541.58,100515.48,100538.58,5
2025-01-03T00:27:00+00:00,100538.58,100561.69,100535.58,100558.69,5
2025-01-03T00:28:00+00:00,100558.69,100581.80,100555.69,100578.80,5
2025-01-03T00:29:00+00:00,100578.80,100601.92,100575.80,100598.92,5
2025-01-03T00:30:00+00:00,100598.92,100622.04,100595.92,100619.04,5
2025-01-03T00:31:00+00:00,100619.04,100642.16,100616.04,100639.16,5
2025-01-03T00:32:00+00:00,100639.16,100662.29,100636.16,100659.29,5
2025-01-03T00:33:00+00:00,100659.29,100682.42,100656.29,100679.42,5
2025-01-03T00:34:00+00:00,100679.42,100702.56,100676.42,100699.56,5
2025-01-03T00:35:00+00:00,100699.56,100722.70,100696.56,100719.70,5
2025-01-03T00:36:00+00:00,100719.70,100742.84,100716.70,100739.84,5
2025-01-03T00:37:00+00:00,100739.84,100762.99,100736.84,100759.99,5
2025-01-03T00:38:00+00:00,100759.99,100783.14,100756.99,100780.14,5
2025-01-03T00:39:00+00:00,100780.14,100803.30,100777.14,100800.30,5
2025-01-03T00:40:00+00:00,100800.30,100823.46,100797.30,100820.46,5
2025-01-03T00:41:00+00:00,100820.46,100843.62,100817.46,100840.62,5
2025-01-03T00:42:00+00:00,100840.62,100863.79,100837.62,100860.79,5
2025-01-03T00:43:00+00:00,100860.79,100883.96,100857.79,100880.96,5
2025-01-03T00:44:00+00:00,100880.96,100904.14,100877.96,100901.14,5
2025-01-03T00:45:00+00:00,100901.14,100924.32,100898.14,100921.32,5
2025-01-03T00:46:00+00:00,100921.32,100944.50,100918.32,100941.50,5
2025-01-03T00:47:00+00:00,100941.50,100964.69,100938.50,100961.69,5
2025-01-03T00:48:00+00:00,100961.69,100984.88,100958.69,100981.88,5
2025-01-03T00:49:00+00:00,100981.88,101005.08,100978.88,101002.08,5
2025-01-03T00:50:00+00:00,101002.08,101025.28,100999.08,101022.28,5
2025-01-03T00:51:00+00:00,101022.28,101045.48,101019.28,101042.48,5
2025-01-03T00:52:00+00:00,101042.48,101065.69,101039.48,101062.69,5
2025-01-03T00:53:00+00:00,101062.69,101085.90,101059.69,101082.90,5
2025-01-03T00:54:00+00:00,101082.90,101106.12,101079.90,101103.12,5
2025-01-03T00:55:00+00:00,101103.12,101126.34,101100.12,101123.34,5
2025-01-03T00:56:00+00:00,101123.34,101146.56,101120.34,101143.56,5
2025-01-03T00:57:00+00:00,101143.56,101166.79,101140.56,101163.79,5
2025-01-03T00:58:00+00:00,101163.79,101187.02,101160.79,101184.02,5
2025-01-03T00:59:00+00:00,101184.02,101207.26,101181.02,101204.26,5
2025-01-03T01:00:00+00:00,101204.26,101227.50,101201.26,101224.50,2
2025-01-03T01:01:00+00:00,101224.50,101247.74,101221.50,101244.74,2
2025-01-03T01:02:00+00:00,101244.74,101267.99,101241.74,101264.99,2
2025-01-03T01:03:00+00:00,101264.99,101288.24,101261.99,101285.24,2
2025-01-03T01:04:00+00:00,101285.24,101308.50,101282.24,101305.50,2
2025-01-03T01:05:00+00:00,101305.50,101328.76,101302.50,101325.76,2
2025-01-03T01:06:00+00:00,101325.76,101349.03,101322.76,101346.03,2
2025-01-03T01:07:00+00:00,101346.03,101369.30,101343.03,101366.30,2
2025-01-03T01:08:00+00:00,101366.30,101389.57,101363.30,101386.57,2
2025-01-03T01:09:00+00:00,101386.57,101409.85,101383.57,101406.85,2
2025-01-03T01:10:00+00:00,101406.85,101430.13,101403.85,101427.13,2
2025-01-03T01:11:00+00:00,101427.13,101450.42,101424.13,101447.42,2
2025-01-03T01:12:00+00:00,101447.42,101470.71,101444.42,101467.71,2
2025-01-03T01:13:00+00:00,101467.71,101491.00,101464.71,101488.00,2
2025-01-03T01:14:00+00:00,101488.00,101511.30,101485.00,101508.30,2
2025-01-03T01:15:00+00:00,101508.30,101531.60,101505.30,101528.60,2
2025-01-03T01:16:00+00:00,101528.60,101551.91,101525.60,101548.91,2
2025-01-03T01:17:00+00:00,101548.91,101572.22,101545.91,101569.22,2
2025-01-03T01:18:00+00:00,101569.22,101592.53,101566.22,101589.53,2
2025-01-03T01:19:00+00:00,101589.53,101612.85,101586.53,101609.85,2
2025-01-03T01:20:00+00:00,101609.85,101633.17,101606.85,101630.17,2
2025-01-03T01:21:00+00:00,101630.17,101653.50,101627.17,101650.50,2
2025-01-03T01:22:00+00:00,101650.50,101673.83,101647.50,101670.83,2
2025-01-03T01:23:00+00:00,101670.83,101694.16,101667.83,101691.16,2
2025-01-03T01:24:00+00:00,101691.16,101714.50,101688.16,101711.50,2
2025-01-03T01:25:00+00:00,101711.50,101734.84,101708.50,101731.84,2
2025-01-03T01:26:00+00:00,101731.84,101755.19,101728.84,101752.19,2
2025-01-03T01:27:00+00:00,101752.19,101775.54,101749.19,101772.54,2
2025-01-03T01:28:00+00:00,101772.54,101795.89,101769.54,101792.89,2
2025-01-03T01:29:00+00:00,101792.89,101816.25,101789.89,101813.25,2
2025-01-03T01:30:00+00:00,101813.25,101836.61,101810.25,101833.61,2
2025-01-03T01:31:00+00:00,101833.61,101856.98,101830.61,101853.98,2
2025-01-03T01:32:00+00:00,101853.98,101877.35,101850.98,101874.35,2
2025-01-03T01:33:00+00:00,101874.35,101897.72,101871.35,101894.72,2
2025-01-03T01:34:00+00:00,101894.72,101918.10,101891.72,101915.10,2
2025-01-03T01:35:00+00:00,101915.10,101938.48,101912.10,101935.48,2
2025-01-03T01:36:00+00:00,101935.48,101958.87,101932.48,101955.87,2
2025-01-03T01:37:00+00:00,101955.87,101979.26,101952.87,101976.26,2
2025-01-03T01:38:00+00:00,101976.26,101999.66,101973.26,101996.66,2
2025-01-03T01:39:00+00:00,101996.66,102020.06,101993.66,102017.06,2
2025-01-03T01:40:00+00:00,102017.06,102040.46,102014.06,102037.46,2
2025-01-03T01:41:00+00:00,102037.46,102060.87,102034.46,102057.87,2
2025-01-03T01:42:00+00:00,102057.87,102081.28,102054.87,102078.28,2
2025-01-03T01:43:00+00:00,102078.28,102101.70,102075.28,102098.70,2
2025-01-03T01:44:00+00:00,102098.70,102122.12,102095.70,102119.12,2
2025-01-03T01:45:00+00:00,102119.12,102142.54,102116.12,102139.54,2
2025-01-03T01:46:00+00:00,102139.54,102162.97,102136.54,102159.97,2
2025-01-03T01:47:00+00:00,102159.97,102183.40,102156.97,102180.40,2
2025-01-03T01:48:00+00:00,102180.40,102203.84,102177.40,102200.84,2
2025-01-03T01:49:00+00:00,102200.84,102224.28,102197.84,102221.28,2
2025-01-03T01:50:00+00:00,102221.28,102244.72,102218.28,102241.72,2
2025-01-03T01:51:00+00:00,102241.72,102265.17,102238.72,102262.17,2
2025-01-03T01:52:00+00:00,102262.17,102285.62,102259.17,102282.62,2
2025-01-03T01:53:00+00:00,102282.62,102306.08,102279.62,102303.08,2
2025-01-03T01:54:00+00:00,102303.08,102326.54,102300.08,102323.54,2
2025-01-03T01:55:00+00:00,102323.54,102347.00,102320.54,102344.00,2
2025-01-03T01:56:00+00:00,102344.00,102367.47,102341.00,102364.47,2
2025-01-03T01:57:00+00:00,102364.47,102387.94,102361.47,102384.94,2
2025-01-03T01:58:00+00:00,102384.94,102408.42,102381.94,102405.42,2
2025-01-03T01:59:00+00:00,102405.42,102428.90,102402.42,102425.90,2
2025-01-03T02:00:00+00:00,102425.90,102428.90,102395.59,102398.59,5
2025-01-03T02:01:00+00:00,102398.59,102401.59,102368.28,102371.28,5
2025-01-03T02:02:00+00:00,102371.28,102374.28,102340.98,102343.98,5
2025-01-03T02:03:00+00:00,102343.98,102346.98,102313.69,102316.69,5
2025-01-03T02:04:00+00:00,102316.69,102319.69,102286.41,102289.41,5
2025-01-03T02:05:00+00:00,102289.41,102292.41,102259.13,102262.13,5
2025-01-03T02:06:00+00:00,102262.13,102265.13,102231.86,102234.86,5
2025-01-03T02:07:00+00:00,102234.86,102237.86,102204.60,102207.60,5
2025-01-03T02:08:00+00:00,102207.60,102210.60,102177.34,102180.34,5
2025-01-03T02:09:00+00:00,102180.34,102183.34,102150.09,102153.09,5
2025-01-03T02:10:00+00:00,102153.09,102156.09,102122.85,102125.85,5
2025-01-03T02:11:00+00:00,102125.85,102128.85,102095.62,102098.62,5
2025-01-03T02:12:00+00:00,102098.62,102101.62,102068.39,102071.39,5
2025-01-03T02:13:00+00:00,102071.39,102074.39,102041.17,102044.17,5
2025-01-03T02:14:00+00:00,102044.17,102047.17,102013.96,102016.96,5
2025-01-03T02:15:00+00:00,102016.96,102019.96,101986.76,101989.76,5
2025-01-03T02:16:00+00:00,101989.76,101992.76,101959.56,101962.56,5
2025-01-03T02:17:00+00:00,101962.56,101965.56,101932.37,101935.37,5
2025-01-03T02:18:00+00:00,101935.37,101938.37,101905.19,101908.19,5
2025-01-03T02:19:00+00:00,101908.19,101911.19,101878.01,101881.01,5
2025-01-03T02:20:00+00:00,101881.01,101884.01,101850.84,101853.84,5
2025-01-03T02:21:00+00:00,101853.84,101856.84,101823.68,101826.68,5
2025-01-03T02:22:00+00:00,101826.68,101829.68,101796.53,101799.53,5
2025-01-03T02:23:00+00:00,101799.53,101802.53,101769.38,101772.38,5
2025-01-03T02:24:00+00:00,101772.38,101775.38,101742.24,101745.24,5
2025-01-03T02:25:00+00:00,101745.24,101748.24,101715.11,101718.11,5
2025-01-03T02:26:00+00:00,101718.11,101721.11,101687.99,101690.99,5
2025-01-03T02:27:00+00:00,101690.99,101693.99,101660.87,101663.87,5
2025-01-03T02:28:00+00:00,101663.87,101666.87,101633.76,101636.76,5
2025-01-03T02:29:00+00:00,101636.76,101639.76,101606.66,101609.66,5
2025-01-03T02:30:00+00:00,101609.66,101612.66,101579.56,101582.56,5
2025-01-03T02:31:00+00:00,101582.56,101585.56,101552.47,101555.47,5
2025-01-03T02:32:00+00:00,101555.47,101558.47,101525.39,101528.39,5
2025-01-03T02:33:00+00:00,101528.39,101531.39,101498.32,101501.32,5
2025-01-03T02:34:00+00:00,101501.32,101504.32,101471.25,101474.25,5
2025-01-03T02:35:00+00:00,101474.25,101477.25,101444.19,101447.19,5
2025-01-03T02:36:00+00:00,101447.19,101450.19,101417.14,101420.14,5
2025-01-03T02:37:00+00:00,101420.14,101423.14,101390.09,101393.09,5
2025-01-03T02:38:00+00:00,101393.09,101396.09,101363.05,101366.05,5
2025-01-03T02:39:00+00:00,101366.05,101369.05,101336.02,101339.02,5
2025-01-03T02:40:00+00:00,101339.02,101342.02,101309.00,101312.00,5
2025-01-03T02:41:00+00:00,101312.00,101315.00,101281.98,101284.98,5
2025-01-03T02:42:00+00:00,101284.98,101287.98,101254.97,101257.97,5
2025-01-03T02:43:00+00:00,101257.97,101260.97,101227.97,101230.97,5
2025-01-03T02:44:00+00:00,101230.97,101233.97,101200.98,101203.98,5
2025-01-03T02:45:00+00:00,101203.98,101206.98,101173.99,101176.99,5
2025-01-03T02:46:00+00:00,101176.99,101179.99,101147.01,101150.01,5
2025-01-03T02:47:00+00:00,101150.01,101153.01,101120.04,101123.04,5
2025-01-03T02:48:00+00:00,101123.04,101126.04,101093.07,101096.07,5
2025-01-03T02:49:00+00:00,101096.07,101099.07,101066.11,101069.11,5
2025-01-03T02:50:00+00:00,101069.11,101072.11,101039.16,101042.16,5
2025-01-03T02:51:00+00:00,101042.16,101045.16,101012.22,101015.22,5
2025-01-03T02:52:00+00:00,101015.22,101018.22,100985.28,100988.28,5
2025-01-03T02:53:00+00:00,100988.28,100991.28,100958.35,100961.35,5
2025-01-03T02:54:00+00:00,100961.35,100964.35,100931.43,100934.43,5
2025-01-03T02:55:00+00:00,100934.43,100937.43,100904.51,100907.51,5
2025-01-03T02:56:00+00:00,100907.51,100910.51,100877.60,100880.60,5
2025-01-03T02:57:00+00:00,100880.60,100883.60,100850.70,100853.70,5
2025-01-03T02:58:00+00:00,100853.70,100856.70,100823.81,100826.81,5
2025-01-03T02:59:00+00:00,100826.81,100829.81,100796.92,100799.92,5
2025-01-03T03:00:00+00:00,100799.92,100809.64,100796.92,100806.64,2
2025-01-03T03:01:00+00:00,100806.64,100816.36,100803.64,100813.36,2
2025-01-03T03:02:00+00:00,100813.36,100823.08,100810.36,100820.08,2
2025-01-03T03:03:00+00:00,100820.08,100829.80,100817.08,100826.80,2
2025-01-03T03:04:00+00:00,100826.80,100836.52,100823.80,100833.52,2
2025-01-03T03:05:00+00:00,100833.52,100843.24,100830.52,100840.24,2
2025-01-03T03:06:00+00:00,100840.24,100849.96,100837.24,100846.96,2
2025-01-03T03:07:00+00:00,100846.96,100856.68,100843.96,100853.68,2
2025-01-03T03:08:00+00:00,100853.68,100863.40,100850.68,100860.40,2
2025-01-03T03:09:00+00:00,100860.40,100870.12,100857.40,100867.12,2
2025-01-03T03:10:00+00:00,100867.12,100876.84,100864.12,100873.84,2
2025-01-03T03:11:00+00:00,100873.84,100883.56,100870.84,100880.56,2
2025-01-03T03:12:00+00:00,100880.56,100890.29,100877.56,100887.29,2
2025-01-03T03:13:00+00:00,100887.29,100897.02,100884.29,100894.02,2
2025-01-03T03:14:00+00:00,100894.02,100903.75,100891.02,100900.75,2
2025-01-03T03:15:00+00:00,100900.75,100910.48,100897.75,100907.48,2
2025-01-03T03:16:00+00:00,100907.48,100917.21,100904.48,100914.21,2
2025-01-03T03:17:00+00:00,100914.21,100923.94,100911.21,100920.94,2
2025-01-03T03:18:00+00:00,100920.94,100930.67,100917.94,100927.67,2
2025-01-03T03:19:00+00:00,100927.67,100937.40,100924.67,100934.40,2
2025-01-03T03:20:00+00:00,100934.40,100944.13,100931.40,100941.13,2
2025-01-03T03:21:00+00:00,100941.13,100950.86,100938.13,100947.86,2
2025-01-03T03:22:00+00:00,100947.86,100957.59,100944.86,100954.59,2
2025-01-03T03:23:00+00:00,100954.59,100964.32,100951.59,100961.32,2
2025-01-03T03:24:00+00:00,100961.32,100971.05,100958.32,100968.05,2
2025-01-03T03:25:00+00:00,100968.05,100977.78,100965.05,100974.78,2
2025-01-03T03:26:00+00:00,100974.78,100984.51,100971.78,100981.51,2
2025-01-03T03:27:00+00:00,100981.51,100991.24,100978.51,100988.24,2
2025-01-03T03:28:00+00:00,100988.24,100997.97,100985.24,100994.97,2
2025-01-03T03:29:00+00:00,100994.97,101004.70,100991.97,101001.70,2
2025-01-03T03:30:00+00:00,101001.70,101011.43,100998.70,101008.43,2
2025-01-03T03:31:00+00:00,101008.43,101018.16,101005.43,101015.16,2
2025-01-03T03:32:00+00:00,101015.16,101024.89,101012.16,101021.89,2
2025-01-03T03:33:00+00:00,101021.89,101031.62,101018.89,101028.62,2
2025-01-03T03:34:00+00:00,101028.62,101038.36,101025.62,101035.36,2
2025-01-03T03:35:00+00:00,101035.36,101045.10,101032.36,101042.10,2
2025-01-03T03:36:00+00:00,101042.10,101051.84,101039.10,101048.84,2
2025-01-03T03:37:00+00:00,101048.84,101058.58,101045.84,101055.58,2
2025-01-03T03:38:00+00:00,101055.58,101065.32,101052.58,101062.32,2
2025-01-03T03:39:00+00:00,101062.32,101072.06,101059.32,101069.06,2
2025-01-03T03:40:00+00:00,101069.06,101078.80,101066.06,101075.80,2
2025-01-03T03:41:00+00:00,101075.80,101085.54,101072.80,101082.54,2
2025-01-03T03:42:00+00:00,101082.54,101092.28,101079.54,101089.28,2
2025-01-03T03:43:00+00:00,101089.28,101099.02,101086.28,101096.02,2
2025-01-03T03:44:00+00:00,101096.02,101105.76,101093.02,101102.76,2
2025-01-03T03:45:00+00:00,101102.76,101112.50,101099.76,101109.50,2
2025-01-03T03:46:00+00:00,101109.50,101119.24,101106.50,101116.24,2
2025-01-03T03:47:00+00:00,101116.24,101125.98,101113.24,101122.98,2
2025-01-03T03:48:00+00:00,101122.98,101132.72,101119.98,101129.72,2
2025-01-03T03:49:00+00:00,101129.72,101139.46,101126.72,101136.46,2
2025-01-03T03:50:00+00:00,101136.46,101146.20,101133.46,101143.20,2
2025-01-03T03:51:00+00:00,101143.20,101152.94,101140.20,101149.94,2
2025-01-03T03:52:00+00:00,101149.94,101159.68,101146.94,101156.68,2
2025-01-03T03:53:00+00:00,101156.68,101166.42,101153.68,101163.42,2
2025-01-03T03:54:00+00:00,101163.42,101173.16,101160.42,101170.16,2
2025-01-03T03:55:00+00:00,101170.16,101179.90,101167.16,101176.90,2
2025-01-03T03:56:00+00:00,101176.90,101186.65,101173.90,101183.65,2
2025-01-03T03:57:00+00:00,101183.65,101193.40,101180.65,101190.40,2
2025-01-03T03:58:00+00:00,101190.40,101200.15,101187.40,101197.15,2
2025-01-03T03:59:00+00:00,101197.15,101206.90,101194.15,101203.90,2
2025-01-03T04:00:00+00:00,101203.90,101206.90,101180.66,101183.66,5
2025-01-03T04:01:00+00:00,101183.66,101186.66,101160.42,101163.42,5
2025-01-03T04:02:00+00:00,101163.42,101166.42,101140.19,101143.19,5
2025-01-03T04:03:00+00:00,101143.19,101146.19,101119.96,101122.96,5
2025-01-03T04:04:00+00:00,101122.96,101125.96,101099.74,101102.74,5
2025-01-03T04:05:00+00:00,101102.74,101105.74,101079.52,101082.52,5
2025-01-03T04:06:00+00:00,101082.52,101085.52,101059.30,101062.30,5
2025-01-03T04:07:00+00:00,101062.30,101065.30,101039.09,101042.09,5
2025-01-03T04:08:00+00:00,101042.09,101045.09,101018.88,101021.88,5
2025-01-03T04:09:00+00:00,101021.88,101024.88,100998.68,101001.68,5
2025-01-03T04:10:00+00:00,101001.68,101004.68,100978.48,100981.48,5
2025-01-03T04:11:00+00:00,100981.48,100984.48,100958.28,100961.28,5
2025-01-03T04:12:00+00:00,100961.28,100964.28,100938.09,100941.09,5
2025-01-03T04:13:00+00:00,100941.09,100944.09,100917.90,100920.90,5
2025-01-03T04:14:00+00:00,100920.90,100923.90,100897.72,100900.72,5
2025-01-03T04:15:00+00:00,100900.72,100903.72,100877.54,100880.54,5
2025-01-03T04:16:00+00:00,100880.54,100883.54,100857.36,100860.36,5
2025-01-03T04:17:00+00:00,100860.36,100863.36,100837.19,100840.19,5
2025-01-03T04:18:00+00:00,100840.19,100843.19,100817.02,100820.02,5
2025-01-03T04:19:00+00:00,100820.02,100823.02,100796.86,100799.86,5
2025-01-03T04:20:00+00:00,100799.86,100802.86,100776.70,100779.70,5
2025-01-03T04:21:00+00:00,100779.70,100782.70,100756.54,100759.54,5
2025-01-03T04:22:00+00:00,100759.54,100762.54,100736.39,100739.39,5
2025-01-03T04:23:00+00:00,100739.39,100742.39,100716.24,100719.24,5
2025-01-03T04:24:00+00:00,100719.24,100722.24,100696.10,100699.10,5
2025-01-03T04:25:00+00:00,100699.10,100702.10,100675.96,100678.96,5
2025-01-03T04:26:00+00:00,100678.96,100681.96,100655.82,100658.82,5
2025-01-03T04:27:00+00:00,100658.82,100661.82,100635.69,100638.69,5
2025-01-03T04:28:00+00:00,100638.69,100641.69,100615.56,100618.56,5
2025-01-03T04:29:00+00:00,100618.56,100621.56,100595.44,100598.44,5
2025-01-03T04:30:00+00:00,100598.44,100601.44,100575.32,100578.32,5
2025-01-03T04:31:00+00:00,100578.32,100581.32,100555.20,100558.20,5
2025-01-03T04:32:00+00:00,100558.20,100561.20,100535.09,100538.09,5
2025-01-03T04:33:00+00:00,100538.09,100541.09,100514.98,100517.98,5
2025-01-03T04:34:00+00:00,100517.98,100520.98,100494.88,100497.88,5
2025-01-03T04:35:00+00:00,100497.88,100500.88,100474.78,100477.78,5
2025-01-03T04:36:00+00:00,100477.78,100480.78,100454.68,100457.68,5
2025-01-03T04:37:00+00:00,100457.68,100460.68,100434.59,100437.59,5
2025-01-03T04:38:00+00:00,100437.59,100440.59,100414.50,100417.50,5
2025-01-03T04:39:00+00:00,100417.50,100420.50,100394.42,100397.42,5
2025-01-03T04:40:00+00:00,100397.42,100400.42,100374.34,100377.34,5
2025-01-03T04:41:00+00:00,100377.34,100380.34,100354.26,100357.26,5
2025-01-03T04:42:00+00:00,100357.26,100360.26,100334.19,100337.19,5
2025-01-03T04:43:00+00:00,100337.19,100340.19,100314.12,100317.12,5
2025-01-03T04:44:00+00:00,100317.12,100320.12,100294.06,100297.06,5
2025-01-03T04:45:00+00:00,100297.06,100300.06,100274.00,100277.00,5
2025-01-03T04:46:00+00:00,100277.00,100280.00,100253.94,100256.94,5
2025-01-03T04:47:00+00:00,100256.94,100259.94,100233.89,100236.89,5
2025-01-03T04:48:00+00:00,100236.89,100239.89,100213.84,100216.84,5
2025-01-03T04:49:00+00:00,100216.84,100219.84,100193.80,100196.80,5
2025-01-03T04:50:00+00:00,100196.80,100199.80,100173.76,100176.76,5
2025-01-03T04:51:00+00:00,100176.76,100179.76,100153.72,100156.72,5
2025-01-03T04:52:00+00:00,100156.72,100159.72,100133.69,100136.69,5
2025-01-03T04:53:00+00:00,100136.69,100139.69,100113.66,100116.66,5
2025-01-03T04:54:00+00:00,100116.66,100119.66,100093.64,100096.64,5
2025-01-03T04:55:00+00:00,100096.64,100099.64,100073.62,100076.62,5
2025-01-03T04:56:00+00:00,100076.62,100079.62,100053.60,100056.60,5
2025-01-03T04:57:00+00:00,100056.60,100059.60,100033.59,100036.59,5
2025-01-03T04:58:00+00:00,100036.59,100039.59,100013.58,100016.58,5
2025-01-03T04:59:00+00:00,100016.58,100019.58,99993.58,99996.58,5
2025-01-03T05:00:00+00:00,99996.58,99999.58,99973.58,99976.58,2
2025-01-03T05:01:00+00:00,99976.58,99979.58,99953.58,99956.58,2
2025-01-03T05:02:00+00:00,99956.58,99959.58,99933.59,99936.59,2
2025-01-03T05:03:00+00:00,99936.59,99939.59,99913.60,99916.60,2
2025-01-03T05:04:00+00:00,99916.60,99919.60,99893.62,99896.62,2
2025-01-03T05:05:00+00:00,99896.62,99899.62,99873.64,99876.64,2
2025-01-03T05:06:00+00:00,99876.64,99879.64,99853.66,99856.66,2
2025-01-03T05:07:00+00:00,99856.66,99859.66,99833.69,99836.69,2
2025-01-03T05:08:00+00:00,99836.69,99839.69,99813.72,99816.72,2
2025-01-03T05:09:00+00:00,99816.72,99819.72,99793.76,99796.76,2
2025-01-03T05:10:00+00:00,99796.76,99799.76,99773.80,99776.80,2
2025-01-03T05:11:00+00:00,99776.80,99779.80,99753.84,99756.84,2
2025-01-03T05:12:00+00:00,99756.84,99759.84,99733.89,99736.89,2
2025-01-03T05:13:00+00:00,99736.89,99739.89,99713.94,99716.94,2
2025-01-03T05:14:00+00:00,99716.94,99719.94,99694.00,99697.00,2
2025-01-03T05:15:00+00:00,99697.00,99700.00,99674.06,99677.06,2
2025-01-03T05:16:00+00:00,99677.06,99680.06,99654.12,99657.12,2
2025-01-03T05:17:00+00:00,99657.12,99660.12,99634.19,99637.19,2
2025-01-03T05:18:00+00:00,99637.19,99640.19,99614.26,99617.26,2
2025-01-03T05:19:00+00:00,99617.26,99620.26,99594.34,99597.34,2
2025-01-03T05:20:00+00:00,99597.34,99600.34,99574.42,99577.42,2
2025-01-03T05:21:00+00:00,99577.42,99580.42,99554.50,99557.50,2
2025-01-03T05:22:00+00:00,99557.50,99560.50,99534.59,99537.59,2
2025-01-03T05:23:00+00:00,99537.59,99540.59,99514.68,99517.68,2
2025-01-03T05:24:00+00:00,99517.68,99520.68,99494.78,99497.78,2
2025-01-03T05:25:00+00:00,99497.78,99500.78,99474.88,99477.88,2
2025-01-03T05:26:00+00:00,99477.88,99480.88,99454.98,99457.98,2
2025-01-03T05:27:00+00:00,99457.98,99460.98,99435.09,99438.09,2
2025-01-03T05:28:00+00:00,99438.09,99441.09,99415.20,99418.20,2
2025-01-03T05:29:00+00:00,99418.20,99421.20,99395.32,99398.32,2
2025-01-03T05:30:00+00:00,99398.32,99401.32,99375.44,99378.44,2
2025-01-03T05:31:00+00:00,99378.44,99381.44,99355.56,99358.56,2
2025-01-03T05:32:00+00:00,99358.56,99361.56,99335.69,99338.69,2
2025-01-03T05:33:00+00:00,99338.69,99341.69,99315.82,99318.82,2
2025-01-03T05:34:00+00:00,99318.82,99321.82,99295.96,99298.96,2
2025-01-03T05:35:00+00:00,99298.96,99301.96,99276.10,99279.10,2
2025-01-03T05:36:00+00:00,99279.10,99282.10,99256.24,99259.24,2
2025-01-03T05:37:00+00:00,99259.24,99262.24,99236.39,99239.39,2
2025-01-03T05:38:00+00:00,99239.39,99242.39,99216.54,99219.54,2
2025-01-03T05:39:00+00:00,99219.54,99222.54,99196.70,99199.70,2
2025-01-03T05:40:00+00:00,99199.70,99202.70,99176.86,99179.86,2
2025-01-03T05:41:00+00:00,99179.86,99182.86,99157.02,99160.02,2
2025-01-03T05:42:00+00:00,99160.02,99163.02,99137.19,99140.19,2
2025-01-03T05:43:00+00:00,99140.19,99143.19,99117.36,99120.36,2
2025-01-03T05:44:00+00:00,99120.36,99123.36,99097.54,99100.54,2
2025-01-03T05:45:00+00:00,99100.54,99103.54,99077.72,99080.72,2
2025-01-03T05:46:00+00:00,99080.72,99083.72,99057.90,99060.90,2
2025-01-03T05:47:00+00:00,99060.90,99063.90,99038.09,99041.09,2
2025-01-03T05:48:00+00:00,99041.09,99044.09,99018.28,99021.28,2
2025-01-03T05:49:00+00:00,99021.28,99024.28,98998.48,99001.48,2
2025-01-03T05:50:00+00:00,99001.48,99004.48,98978.68,98981.68,2
2025-01-03T05:51:00+00:00,98981.68,98984.68,98958.88,98961.88,2
2025-01-03T05:52:00+00:00,98961.88,98964.88,98939.09,98942.09,2
2025-01-03T05:53:00+00:00,98942.09,98945.09,98919.30,98922.30,2
2025-01-03T05:54:00+00:00,98922.30,98925.30,98899.52,98902.52,2
2025-01-03T05:55:00+00:00,98902.52,98905.52,98879.74,98882.74,2
2025-01-03T05:56:00+00:00,98882.74,98885.74,98859.96,98862.96,2
2025-01-03T05:57:00+00:00,98862.96,98865.96,98840.19,98843.19,2
2025-01-03T05:58:00+00:00,98843.19,98846.19,98820.42,98823.42,2
2025-01-03T05:59:00+00:00,98823.42,98826.42,98800.66,98803.66,2
2025-01-03T06:00:00+00:00,98803.66,98833.01,98800.66,98830.01,5
2025-01-03T06:01:00+00:00,98830.01,98859.36,98827.01,98856.36,5
2025-01-03T06:02:00+00:00,98856.36,98885.72,98853.36,98882.72,5
2025-01-03T06:03:00+00:00,98882.72,98912.09,98879.72,98909.09,5
2025-01-03T06:04:00+00:00,98909.09,98938.47,98906.09,98935.47,5
2025-01-03T06:05:00+00:00,98935.47,98964.85,98932.47,98961.85,5
2025-01-03T06:06:00+00:00,98961.85,98991.24,98958.85,98988.24,5
2025-01-03T06:07:00+00:00,98988.24,99017.64,98985.24,99014.64,5
2025-01-03T06:08:00+00:00,99014.64,99044.04,99011.64,99041.04,5
2025-01-03T06:09:00+00:00,99041.04,99070.45,99038.04,99067.45,5
2025-01-03T06:10:00+00:00,99067.45,99096.87,99064.45,99093.87,5
2025-01-03T06:11:00+00:00,99093.87,99123.30,99090.87,99120.30,5
2025-01-03T06:12:00+00:00,99120.30,99149.73,99117.30,99146.73,5
2025-01-03T06:13:00+00:00,99146.73,99176.17,99143.73,99173.17,5
2025-01-03T06:14:00+00:00,99173.17,99202.62,99170.17,99199.62,5
2025-01-03T06:15:00+00:00,99199.62,99229.07,99196.62,99226.07,5
2025-01-03T06:16:00+00:00,99226.07,99255.53,99223.07,99252.53,5
2025-01-03T06:17:00+00:00,99252.53,99282.00,99249.53,99279.00,5
2025-01-03T06:18:00+00:00,99279.00,99308.47,99276.00,99305.47,5
2025-01-03T06:19:00+00:00,99305.47,99334.95,99302.47,99331.95,5
2025-01-03T06:20:00+00:00,99331.95,99361.44,99328.95,99358.44,5
2025-01-03T06:21:00+00:00,99358.44,99387.94,99355.44,99384.94,5
2025-01-03T06:22:00+00:00,99384.94,99414.44,99381.94,99411.44,5
2025-01-03T06:23:00+00:00,99411.44,99440.95,99408.44,99437.95,5
2025-01-03T06:24:00+00:00,99437.95,99467.47,99434.95,99464.47,5
2025-01-03T06:25:00+00:00,99464.47,99493.99,99461.47,99490.99,5
2025-01-03T06:26:00+00:00,99490.99,99520.52,99487.99,99517.52,5
2025-01-03T06:27:00+00:00,99517.52,99547.06,99514.52,99544.06,5
2025-01-03T06:28:00+00:00,99544.06,99573.61,99541.06,99570.61,5
2025-01-03T06:29:00+00:00,99570.61,99600.16,99567.61,99597.16,5
2025-01-03T06:30:00+00:00,99597.16,99626.72,99594.16,99623.72,5
2025-01-03T06:31:00+00:00,99623.72,99653.29,99620.72,99650.29,5
2025-01-03T06:32:00+00:00,99650.29,99679.86,99647.29,99676.86,5
2025-01-03T06:33:00+00:00,99676.86,99706.44,99673.86,99703.44,5
2025-01-03T06:34:00+00:00,99703.44,99733.03,99700.44,99730.03,5
2025-01-03T06:35:00+00:00,99730.03,99759.62,99727.03,99756.62,5
2025-01-03T06:36:00+00:00,99756.62,99786.22,99753.62,99783.22,5
2025-01-03T06:37:00+00:00,99783.22,99812.83,99780.22,99809.83,5
2025-01-03T06:38:00+00:00,99809.83,99839.45,99806.83,99836.45,5
2025-01-03T06:39:00+00:00,99836.45,99866.07,99833.45,99863.07,5
2025-01-03T06:40:00+00:00,99863.07,99892.70,99860.07,99889.70,5
2025-01-03T06:41:00+00:00,99889.70,99919.34,99886.70,99916.34,5
2025-01-03T06:42:00+00:00,99916.34,99945.98,99913.34,99942.98,5
2025-01-03T06:43:00+00:00,99942.98,99972.63,99939.98,99969.63,5
2025-01-03T06:44:00+00:00,99969.63,99999.29,99966.63,99996.29,5
2025-01-03T06:45:00+00:00,99996.29,100025.96,99993.29,100022.96,5
2025-01-03T06:46:00+00:00,100022.96,100052.63,100019.96,100049.63,5
2025-01-03T06:47:00+00:00,100049.63,100079.31,100046.63,100076.31,5
2025-01-03T06:48:00+00:00,100076.31,100106.00,100073.31,100103.00,5
2025-01-03T06:49:00+00:00,100103.00,100132.69,100100.00,100129.69,5
2025-01-03T06:50:00+00:00,100129.69,100159.39,100126.69,100156.39,5
2025-01-03T06:51:00+00:00,100156.39,100186.10,100153.39,100183.10,5
2025-01-03T06:52:00+00:00,100183.10,100212.82,100180.10,100209.82,5
2025-01-03T06:53:00+00:00,100209.82,100239.54,100206.82,100236.54,5
2025-01-03T06:54:00+00:00,100236.54,100266.27,100233.54,100263.27,5
2025-01-03T06:55:00+00:00,100263.27,100293.01,100260.27,100290.01,5
2025-01-03T06:56:00+00:00,100290.01,100319.75,100287.01,100316.75,5
2025-01-03T06:57:00+00:00,100316.75,100346.50,100313.75,100343.50,5
2025-01-03T06:58:00+00:00,100343.50,100373.26,100340.50,100370.26,5
2025-01-03T06:59:00+00:00,100370.26,100400.03,100367.26,100397.03,5
2025-01-03T07:00:00+00:00,100397.03,100400.03,100387.34,100390.34,2
2025-01-03T07:01:00+00:00,100390.34,100393.34,100380.65,100383.65,2
2025-01-03T07:02:00+00:00,100383.65,100386.65,100373.96,100376.96,2
2025-01-03T07:03:00+00:00,100376.96,100379.96,100367.27,100370.27,2
2025-01-03T07:04:00+00:00,100370.27,100373.27,100360.58,100363.58,2
2025-01-03T07:05:00+00:00,100363.58,100366.58,100353.89,100356.89,2
2025-01-03T07:06:00+00:00,100356.89,100359.89,100347.20,100350.20,2
2025-01-03T07:07:00+00:00,100350.20,100353.20,100340.51,100343.51,2
2025-01-03T07:08:00+00:00,100343.51,100346.51,100333.82,100336.82,2
2025-01-03T07:09:00+00:00,100336.82,100339.82,100327.13,100330.13,2
2025-01-03T07:10:00+00:00,100330.13,100333.13,100320.44,100323.44,2
2025-01-03T07:11:00+00:00,100323.44,100326.44,100313.75,100316.75,2
2025-01-03T07:12:00+00:00,100316.75,100319.75,100307.06,100310.06,2
2025-01-03T07:13:00+00:00,100310.06,100313.06,100300.37,100303.37,2
2025-01-03T07:14:00+00:00,100303.37,100306.37,100293.68,100296.68,2
2025-01-03T07:15:00+00:00,100296.68,100299.68,100286.99,100289.99,2
2025-01-03T07:16:00+00:00,100289.99,100292.99,100280.30,100283.30,2
2025-01-03T07:17:00+00:00,100283.30,100286.30,100273.61,100276.61,2
2025-01-03T07:18:00+00:00,100276.61,100279.61,100266.92,100269.92,2
2025-01-03T07:19:00+00:00,100269.92,100272.92,100260.24,100263.24,2
2025-01-03T07:20:00+00:00,100263.24,100266.24,100253.56,100256.56,2
2025-01-03T07:21:00+00:00,100256.56,100259.56,100246.88,100249.88,2
2025-01-03T07:22:00+00:00,100249.88,100252.88,100240.20,100243.20,2
2025-01-03T07:23:00+00:00,100243.20,100246.20,100233.52,100236.52,2
2025-01-03T07:24:00+00:00,100236.52,100239.52,100226.84,100229.84,2
2025-01-03T07:25:00+00:00,100229.84,100232.84,100220.16,100223.16,2
2025-01-03T07:26:00+00:00,100223.16,100226.16,100213.48,100216.48,2
2025-01-03T07:27:00+00:00,100216.48,100219.48,100206.80,100209.80,2
2025-01-03T07:28:00+00:00,100209.80,100212.80,100200.12,100203.12,2
2025-01-03T07:29:00+00:00,100203.12,100206.12,100193.44,100196.44,2
2025-01-03T07:30:00+00:00,100196.44,100199.44,100186.76,100189.76,2
2025-01-03T07:31:00+00:00,100189.76,100192.76,100180.08,100183.08,2
2025-01-03T07:32:00+00:00,100183.08,100186.08,100173.40,100176.40,2
2025-01-03T07:33:00+00:00,100176.40,100179.40,100166.72,100169.72,2
2025-01-03T07:34:00+00:00,100169.72,100172.72,100160.04,100163.04,2
2025-01-03T07:35:00+00:00,100163.04,100166.04,100153.36,100156.36,2
2025-01-03T07:36:00+00:00,100156.36,100159.36,100146.68,100149.68,2
2025-01-03T07:37:00+00:00,100149.68,100152.68,100140.00,100143.00,2
2025-01-03T07:38:00+00:00,100143.00,100146.00,100133.32,100136.32,2
2025-01-03T07:39:00+00:00,100136.32,100139.32,100126.64,100129.64,2
2025-01-03T07:40:00+00:00,100129.64,100132.64,100119.96,100122.96,2
2025-01-03T07:41:00+00:00,100122.96,100125.96,100113.29,100116.29,2
2025-01-03T07:42:00+00:00,100116.29,100119.29,100106.62,100109.62,2
2025-01-03T07:43:00+00:00,100109.62,100112.62,100099.95,100102.95,2
2025-01-03T07:44:00+00:00,100102.95,100105.95,100093.28,100096.28,2
2025-01-03T07:45:00+00:00,100096.28,100099.28,100086.61,100089.61,2
2025-01-03T07:46:00+00:00,100089.61,100092.61,100079.94,100082.94,2
2025-01-03T07:47:00+00:00,100082.94,100085.94,100073.27,100076.27,2
2025-01-03T07:48:00+00:00,100076.27,100079.27,100066.60,100069.60,2
2025-01-03T07:49:00+00:00,100069.60,100072.60,100059.93,100062.93,2
2025-01-03T07:50:00+00:00,100062.93,100065.93,100053.26,100056.26,2
2025-01-03T07:51:00+00:00,100056.26,100059.26,100046.59,100049.59,2
2025-01-03T07:52:00+00:00,100049.59,100052.59,100039.92,100042.92,2
2025-01-03T07:53:00+00:00,100042.92,100045.92,100033.25,100036.25,2
2025-01-03T07:54:00+00:00,100036.25,100039.25,100026.58,100029.58,2
2025-01-03T07:55:00+00:00,100029.58,100032.58,100019.91,100022.91,2
2025-01-03T07:56:00+00:00,100022.91,100025.91,100013.24,100016.24,2
2025-01-03T07:57:00+00:00,100016.24,100019.24,100006.57,100009.57,2
2025-01-03T07:58:00+00:00,100009.57,100012.57,99999.90,100002.90,2
2025-01-03T07:59:00+00:00,100002.90,100005.90,99993.23,99996.23,2
